Reference,Location,MAT,MAP,Ecosystems,N type,N amount,Duration,C(POC),Csd,T(POC),Tsd,Cn,Tn,C(MAOC),Csd,T(MAOC),Tsd,Cn,Tn,C(SOC),Csd,T(SOC),Tsd,Cn,Tn,C(TN),Csd,T(TN),Tsd,Cn,Tn,C(NH4),Csd,T(NH4),Tsd,Cn,Tn,C(NO3),Csd,T(NO3),Tsd,Cn,Tn,C(DOC),Csd,T(DOC),Tsd,Cn,Tn,C(MBC),Csd,T(MBC),Tsd,Cn,Tn,C(pH),Csd,T(pH),Tsd,Cn,Tn
"Ali Shah et al., 2021","34бу17'N, 108бу00'E",11,600,cropland,urea,352.5,23,12.48,0.440554892,14.93,0.493847842,3,3,7.99,0.30642208,9.08,0.171459252,3,3,16.56,0.72744,17.82,0.2598,3,3,,,,,,,,,,,,,,,,,,,,,,,,,,,,,,,8.6,,,,,
"Banashree et al., 2017","26бу37'N, 92бу47'E",,,cropland,urea,40,1,3.49,0.29,3.23,0.78,3,3,,,,,,,13.58,0.29,13.92,0.1,3,3,,,,,,,,,,,,,,,,,,,,,,,,,146,3.05,145,3,3,3,5.66,0.2078352,5.66,0.17306582,3,3
"Banashree et al., 2017","26бу37'N, 92бу47'E",,,cropland,urea,60,1,3.49,0.29,3.82,0.51,3,3,,,,,,,13.58,0.29,14.13,0.09,3,3,,,,,,,,,,,,,,,,,,,,,,,,,146,3.05,144.33,1.85,3,3,5.66,0.2078352,5.65,0.17276005,3,3
"Banashree et al., 2017","26бу37'N, 92бу47'E",,,cropland,urea,72,1,3.49,0.29,4.41,0.49,3,3,,,,,,,13.58,0.29,14.42,0.17,3,3,,,,,,,,,,,,,,,,,,,,,,,,,146,3.05,180.67,2.4,3,3,5.66,0.2078352,5.65,0.17276005,3,3
"Banashree et al., 2017","26бу37'N, 92бу47'E",,,cropland,urea,80,1,3.49,0.29,4.78,0.19,3,3,,,,,,,13.58,0.29,14.52,0.04,3,3,,,,,,,,,,,,,,,,,,,,,,,,,146,3.05,159.67,1.67,3,3,5.66,0.2078352,5.64,0.17245428,3,3
"Banashree et al., 2017","26бу37'N, 92бу47'E",,,cropland,urea,100,1,3.49,0.29,4.9,0.61,3,3,,,,,,,13.58,0.29,14.54,0.09,3,3,,,,,,,,,,,,,,,,,,,,,,,,,146,3.05,165.33,1.67,3,3,5.66,0.2078352,5.63,0.17214851,3,3
"Banashree et al., 2017","26бу37'N, 92бу47'E",,,cropland,urea,40,2,3.57,0.18,3.69,0.1,3,3,,,,,,,13.23,0.17,14.06,0.45,3,3,,,,,,,,,,,,,,,,,,,,,,,,,140.49,6.86,16,3.21,3,3,5.67,0.2082024,5.65,0.17276005,3,3
"Banashree et al., 2017","26бу37'N, 92бу47'E",,,cropland,urea,60,2,3.57,0.18,4.26,0.09,3,3,,,,,,,13.23,0.17,14.31,0.07,3,3,,,,,,,,,,,,,,,,,,,,,,,,,140.49,6.86,172,2.64,3,3,5.67,0.2082024,5.64,0.17245428,3,3
"Banashree et al., 2017","26бу37'N, 92бу47'E",,,cropland,urea,72,2,3.57,0.18,4.69,0.26,3,3,,,,,,,13.23,0.17,14.52,0.16,3,3,,,,,,,,,,,,,,,,,,,,,,,,,140.49,6.86,200.33,5.64,3,3,5.67,0.2082024,5.63,0.17214851,3,3
"Banashree et al., 2017","26бу37'N, 92бу47'E",,,cropland,urea,80,2,3.57,0.18,5.28,0.11,3,3,,,,,,,13.23,0.17,14.6,0.12,3,3,,,,,,,,,,,,,,,,,,,,,,,,,140.49,6.86,173,7.03,3,3,5.67,0.2082024,5.61,0.17153697,3,3
"Banashree et al., 2017","26бу37'N, 92бу47'E",,,cropland,urea,100,2,3.57,0.18,5.39,0.1,3,3,,,,,,,13.23,0.17,14.69,0.16,3,3,,,,,,,,,,,,,,,,,,,,,,,,,140.49,6.86,198,1.73,3,3,5.67,0.2082024,5.6,0.1712312,3,3
"Borges et al., 2019","21бу15'22''S, 48бу15'18''W",23,1451,grassland,NH4NO3,60,2,1.6,0.293664,1.6,0.289488,3,3,17.3,2.1400792,16.7,2.8460307,3,3,21.2,2.259496,20.2,2.7352618,3,3,,,,,,,,,,,,,,,,,,,,,,,,,,,,,,,5.8,,,,,
"Borges et al., 2019","21бу15'22''S, 48бу15'18''W",23,1451,grassland,NH4NO3,120,2,1.6,0.293664,2,0.36186,3,3,17.3,2.1400792,17.3,2.9482833,3,3,21.2,2.259496,21,2.843589,3,3,,,,,,,,,,,,,,,,,,,,,,,,,,,,,,,5.8,,,,,
"Borges et al., 2019","21бу15'22''S, 48бу15'18''W",23,1451,grassland,NH4NO3,180,2,1.6,0.293664,1.6,0.289488,3,3,17.3,2.1400792,16.2,2.7608202,3,3,21.2,2.259496,19.7,2.6675573,3,3,,,,,,,,,,,,,,,,,,,,,,,,,,,,,,,5.8,,,,,
"Borges et al., 2019","21бу15'22''S, 48бу15'18''W",23,1451,grassland,NH4NO3,240,2,1.6,0.293664,1.8,0.325674,3,3,17.3,2.1400792,17.7,3.0164517,3,3,21.2,2.259496,21.2,2.8706708,3,3,,,,,,,,,,,,,,,,,,,,,,,,,,,,,,,5.8,,,,,
"Bowden et al., 2019","41бу36'N, 80бу2'W",9.3,1120,forest,NH4NO3,100,17,6.05,1.97,6.8,1.16,3,3,,,,,,,35.46,2.45944,40.43,6.13128,3,3,,,,,,,,,,,,,,,,,,,,,,,,,1.15,0.2598,0.98,0.24248,3,3,4,,,,,
"Bremer et al., 1994","Lethbridge, Alberta",,,cropland,NH4NO3,80,7,1.6,0.293664,1.77,0.3202461,4,4,14.25,1.762782,14.55,2.47962555,4,4,15.9,1.694622,16.4,2.2207076,4,4,1.58,0.32433924,1.61,0.37086672,4,4,,,,,,,,,,,,,,,,,,,,,,,,,7,,,,,
"Bremer et al., 1994","Lethbridge, Alberta",,,cropland,NH4NO3,80,7,2.153333333,0.3952228,1.916666667,0.3467825,4,4,14.83333333,1.834942667,14.63333333,2.4938273,4,4,17,1.81186,16.6,2.2477894,4,4,1.63,0.33460314,1.6,0.3685632,4,4,,,,,,,,,,,,,,,,,,,,,,,,,7,,,,,
"Bremer et al., 1994","Lethbridge, Alberta",,,cropland,NH4NO3,80,7,3.27,0.6001758,2.67,0.4830831,4,4,15.4,1.9050416,15.8,2.6926518,4,4,18.7,1.993046,18.5,2.5050665,4,4,1.81,0.37155318,1.76,0.40541952,4,4,,,,,,,,,,,,,,,,,,,,,,,,,7,,,,,
"Chen et al., 2012","23бу10'N, 112бу10'E ",21.5,1956,forest,NH4NO3,50,5,6.819875776,1.565217391,6.335403727,1.788819876,3,3,,,,,,,19.7515528,3.726708075,21.11801242,3.105590062,3,3,,,,,,,,,,,,,,,,,,,,,,,,,435.9756098,94.51219512,469.5121951,118.902439,3,3,4.116245487,0.084476534,4.105415162,0.02599278,3,3
"Chen et al., 2012","23бу10'N, 112бу10'E ",21.5,1956,forest,NH4NO3,100,5,6.819875776,1.565217391,9.055900621,1.751552795,3,3,,,,,,,19.7515528,3.726708075,22.73291925,1.242236025,3,3,,,,,,,,,,,,,,,,,,,,,,,,,435.9756098,94.51219512,429.8780488,106.7073171,3,3,4.116245487,0.084476534,4.033935018,0.086642599,3,3
"Chen et al., 2012","23бу10'N, 112бу10'E ",21.5,1956,forest,NH4NO3,50,5,3.763975155,0.074534161,6.931677019,1.378881988,3,3,,,,,,,19.7515528,3.726708075,21.36645963,2.857142857,3,3,,,,,,,,,,,,,,,,,,,,,,,,,518.2926829,85.36585366,557.9268293,131.097561,3,3,4.118411552,0.077978339,3.990613718,0.032490975,3,3
"Chen et al., 2012","23бу10'N, 112бу10'E ",21.5,1956,forest,NH4NO3,100,5,3.763975155,0.074534161,8.49689441,0.857142857,3,3,,,,,,,19.7515528,3.726708075,22.73291925,1.242236025,3,3,,,,,,,,,,,,,,,,,,,,,,,,,518.2926829,85.36585366,484.7560976,94.51219512,3,3,4.118411552,0.077978339,3.964620939,0.05631769,3,3
"Chen et al., 2012","23бу10'N, 112бу10'E ",21.5,1956,forest,NH4NO3,50,5,6.819875776,1.453416149,5.776397516,1.118012422,3,3,,,,,,,25.46583851,3.354037267,23.85093168,2.857142857,3,3,,,,,,,,,,,,,,,,,,,,,,,,,740.8536585,97.56097561,707.3170732,118.902439,3,3,4.098916968,0.02599278,4.075090253,0.064981949,3,3
"Chen et al., 2012","23бу10'N, 112бу10'E ",21.5,1956,forest,NH4NO3,100,5,6.819875776,1.453416149,10.43478261,0.48447205,3,3,,,,,,,25.46583851,3.354037267,30.68322981,2.360248447,3,3,,,,,,,,,,,,,,,,,,,,,,,,,740.8536585,97.56097561,640.2439024,115.8536585,3,3,4.098916968,0.02599278,3.949458484,0.03032491,3,3
"Chen et al., 2012","23бу10'N, 112бу10'E ",21.5,1956,forest,NH4NO3,150,5,6.819875776,1.453416149,9.652173913,1.229813665,3,3,,,,,,,25.46583851,3.354037267,30.93167702,2.360248447,3,3,,,,,,,,,,,,,,,,,,,,,,,,,740.8536585,97.56097561,573.1707317,73.17073171,3,3,4.098916968,0.02599278,3.877978339,0.073646209,3,3
"Chen et al., 2012","23бу10'N, 112бу10'E",21,1927,forest,NH4NO3,150,4,12.31766613,3.267423015,7.37439222,2.722852512,5,5,33.79254457,4.175040519,30.55105348,2.904376013,5,5,50,6.72,46,6.72,5,5,,,,,,,10.7,2.24,9,1.344,5,5,3.6,0.896,4.6,1.568,5,5,209,26.88,183,15.68,5,5,10052.6,2475.872,9789.47,2475.7152,5,5,3.69,0.0448,3.66,0.0672,5,5
"Chen et al., 2012","23бу20'N, 113бу30'E",21.5,1750,forest,NH4NO3,100,4,2.1,0.2,2.074,0.176,3,3,,,,,,,9,0.82,10.15,1.91,3,3,,,,,,,,,,,,,,,,,,,,,,,,,250.57,25.93,184.37,29.63,3,3,4.79,0.12,4.64,0.04,3,3
"Chen et al., 2018","29бу42'N, 103бу14'E ",16.2,1490,forest,NH4NO3,50,6,1.33,0.24248,1.35,0.15588,3,3,8.97,0.64084,9.33,0.27712,3,3,10.3,0.81404,10.67,0.41568,3,3,0.74,0.03464,0.75,0.05196,3,3,5.59,1.36828,6,0.31176,3,3,12.33,1.3856,13.05,0.15588,3,3,210,34.64,250,17.32,3,3,,,,,,,4.706666667,0.150106667,4.623333333,0.144333333,3,3
"Chen et al., 2018","29бу42'N, 103бу14'E ",16.2,1490,forest,NH4NO3,150,6,1.33,0.24248,1.14,0.13856,3,3,8.97,0.64084,8.58,0.79672,3,3,10.3,0.81404,9.72,0.65816,3,3,0.74,0.03464,0.75,0.01732,3,3,5.59,1.36828,5.41,1.31632,3,3,12.33,1.3856,13.08,0.84868,3,3,210,34.64,200,51.96,3,3,,,,,,,4.706666667,0.150106667,4.706666667,0.150106667,3,3
"Chen et al., 2018","29бу42'N, 103бу14'E ",16.2,1490,forest,NH4NO3,300,6,1.33,0.24248,1.52,0.05196,3,3,8.97,0.64084,9.23,1.22972,3,3,10.3,0.81404,10.75,1.28168,3,3,0.74,0.03464,0.8,0.06928,3,3,5.59,1.36828,5.96,1.45488,3,3,12.33,1.3856,14.75,0.62352,3,3,210,34.64,260,34.64,3,3,,,,,,,4.706666667,0.150106667,4.403333333,0.144333333,3,3
"Chen et al., 2020","27бу42'N, 117бу45'E ",17.5,1900,forest,NH4NO3,50,6,9.552238806,1.292537313,11.34328358,1.034029851,3,3,15.88935024,1.686615419,12.76175513,1.687101335,3,3,26.1,0.62352,24.7,0.1732,3,3,2.09,0.05196,1.92,0.12124,3,3,11.7,1.5588,10.3,1.732,3,3,2.36,0.12124,7.77,3.13492,3,3,1870,571.56,1680,311.76,3,3,440.0854915,57.49287571,326.4961012,10.7799142,3,3,5.29,0.62352,4.87,0.1732,3,3
"Chen et al., 2020","27бу42'N, 117бу45'E ",17.5,1900,forest,NH4NO3,100,6,9.552238806,1.292537313,11.26865672,1.163283582,3,3,15.88935024,1.686615419,11.88194367,1.297396476,3,3,26.1,0.62352,23.7,0.1732,3,3,2.09,0.05196,2.05,0.01732,3,3,11.7,1.5588,10,0.6928,3,3,2.36,0.12124,6.41,1.48952,3,3,1870,571.56,1330,155.88,3,3,440.0854915,57.49287571,239.877243,17.96652366,3,3,5.29,0.62352,4.88,0.1732,3,3
"Chen et al., 2020","27бу42'N, 117бу45'E ",17.5,1900,forest,NH4NO3,150,6,9.552238806,1.292537313,12.3880597,1.421791045,3,3,15.88935024,1.686615419,11.37638873,1.42762204,3,3,26.1,0.62352,24.5,0.0866,3,3,2.09,0.05196,2.05,0.06928,3,3,11.7,1.5588,9.8,3.1176,3,3,2.36,0.12124,8.2,2.58068,3,3,1870,571.56,1520,329.08,3,3,440.0854915,57.49287571,232.1031535,7.186609464,3,3,5.29,0.62352,4.85,0.0866,3,3
"Chen et al., 2020","39бу58'N, 115бу26'E ",5.4,500,forest,urea,50,6,53.11294766,6.107327824,58.62258953,5.725619835,3,3,11.47540984,2.498622951,17.7704918,1.249311475,3,3,67.2,8.8332,77.8,4.33,3,3,5.18,0.62352,6.5,0.46764,3,3,3.97,0.93528,3.84,0.27712,3,3,7.5,2.30356,12.5,3.15224,3,3,,,,,,,,,,,,,7.08,12.26256,6.8,0.41568,3,3
"Chen et al., 2020","39бу57'N, 115бу25'E ",5.7,505,forest,urea,50,6,33.27823691,5.343911846,26.44628099,5.725619835,3,3,8.590163934,2.38504918,8.918032787,2.612196721,3,3,42.1,6.062,37.8,12.8168,3,3,2.98,0.41568,3.32,0.9526,3,3,3.91,0.39836,4.52,2.35552,3,3,2.31,0.88332,9.21,6.54696,3,3,,,,,,,,,,,,,6.53,0.29444,6.13,0.20784,3,3
"Chen et al., 2021","35бу58'N, 101бу53'E ",1.2,620,grassland,NH4NO3,50,6,70.93596059,16.89655172,74.87684729,6.034482759,6,6,14.28571429,3.620689655,15.7635468,4.827586207,6,6,83.74384236,18.10344828,91.13300493,8.448275862,6,6,7.153846154,1.356923077,7.8,0.791538462,6,6,1.927710843,1.180722892,13.4939759,11.80722892,6,6,1.188118812,0.97029703,3.168316832,1.940594059,6,6,430.8806091,70.33639144,448.2514718,52.75229358,6,6,1733.333333,351.7948718,1712.820513,201.025641,6,6,6.153266332,0.11080402,6.100502513,0.092336683,6,6
"Chen et al., 2021","35бу58'N, 101бу53'E ",1.2,620,grassland,NH4NO3,100,6,70.93596059,16.89655172,66.00985222,6.034482759,6,6,14.28571429,3.620689655,12.31527094,3.620689655,6,6,83.74384236,18.10344828,77.83251232,7.24137931,6,6,7.153846154,1.356923077,6.830769231,0.339230769,6,6,1.927710843,1.180722892,25.30120482,22.43373494,6,6,1.188118812,0.97029703,8.316831683,5.579207921,6,6,430.8806091,70.33639144,398.6248934,111.3659531,6,6,1733.333333,351.7948718,1282.051282,326.6666667,6,6,6.153266332,0.11080402,5.972361809,0.092336683,6,6
"Chen et al., 2021","35бу58'N, 101бу53'E ",1.2,620,grassland,NH4NO3,150,6,70.93596059,16.89655172,61.57635468,12.06896552,6,6,14.28571429,3.620689655,13.30049261,3.620689655,6,6,83.74384236,18.10344828,79.80295567,12.06896552,6,6,7.153846154,1.356923077,7.015384615,1.130769231,6,6,1.927710843,1.180722892,45.30120482,15.93975904,6,6,1.188118812,0.97029703,17.32673267,6.54950495,6,6,430.8806091,70.33639144,423.1729389,64.47502548,6,6,1733.333333,351.7948718,1087.179487,251.2820513,6,6,6.153266332,0.11080402,5.829145729,0.16620603,6,6
"Cheng et al., 2017","50бу50'N, 121бу30'E ",-5.4,580,forest,NH4Cl,10,5,16.90140845,2.927323944,11.54929577,3.903098592,3,3,68.37884601,17.06957466,57.82182947,41.82529735,3,3,80.90589846,17.15660377,69.89316112,51.477543,3,3,,,,,,,,,,,,,,,,,,,,,,,,,,,,,,,4.5-6.5,,,,,
"Cheng et al., 2017","50бу50'N, 121бу30'E ",-5.4,580,forest,NH4Cl,20,5,16.90140845,2.927323944,12.3943662,2.927323944,3,3,68.37884601,17.06957466,48.6004299,32.67510867,3,3,80.90589846,17.15660377,54.63514077,41.67376942,3,3,,,,,,,,,,,,,,,,,,,,,,,,,,,,,,,4.5-6.5,,,,,
"Cheng et al., 2017","50бу50'N, 121бу30'E ",-5.4,580,forest,NH4Cl,40,5,16.90140845,2.927323944,10.42253521,1.951549296,3,3,68.37884601,17.06957466,26.54645331,6.535849057,3,3,80.90589846,17.15660377,32.30164871,7.352830189,3,3,,,,,,,,,,,,,,,,,,,,,,,,,,,,,,,4.5-6.5,,,,,
"Cheng et al., 2017","50бу50'N, 121бу30'E ",-5.4,580,forest,KNO3,10,5,16.90140845,2.927323944,30.35460993,10.31829787,3,3,68.37884601,17.06957466,113.2818777,42.02767773,3,3,80.90589846,17.15660377,151.4746151,56.50750101,3,3,,,,,,,,,,,,,,,,,,,,,,,,,,,,,,,4.5-6.5,,,,,
"Cheng et al., 2017","50бу50'N, 121бу30'E ",-5.4,580,forest,KNO3,20,5,16.90140845,2.927323944,23.54609929,13.26638298,3,3,68.37884601,17.06957466,83.87452042,39.40094787,3,3,80.90589846,17.15660377,108.120483,49.12140773,3,3,,,,,,,,,,,,,,,,,,,,,,,,,,,,,,,4.5-6.5,,,,,
"Cheng et al., 2017","50бу50'N, 121бу30'E ",-5.4,580,forest,KNO3,40,5,16.90140845,2.927323944,30.63829787,7.861560284,3,3,68.37884601,17.06957466,93.89844279,15.76037915,3,3,80.90589846,17.15660377,115.8234951,24.58402837,3,3,,,,,,,,,,,,,,,,,,,,,,,,,,,,,,,4.5-6.5,,,,,
"Cheng et al., 2017","50бу50'N, 121бу30'E ",-5.4,580,forest,NH4NO3,10,5,16.90140845,2.927323944,13.42857143,5.938285714,3,3,68.37884601,17.06957466,72,47.50628571,3,3,80.90589846,17.15660377,79.0960452,48.92655367,3,3,,,,,,,,,,,,,,,,,,,,,,,,,,,,,,,4.5-6.5,,,,,
"Cheng et al., 2017","50бу50'N, 121бу30'E ",-5.4,580,forest,NH4NO3,20,5,16.90140845,2.927323944,12.57142857,3.958857143,3,3,68.37884601,17.06957466,42.28571429,17.81485714,3,3,80.90589846,17.15660377,48.02259887,19.57062147,3,3,,,,,,,,,,,,,,,,,,,,,,,,,,,,,,,4.5-6.5,,,,,
"Cheng et al., 2017","50бу50'N, 121бу30'E ",-5.4,580,forest,NH4NO3,40,5,16.90140845,2.927323944,24,0.494857143,3,3,68.37884601,17.06957466,157.7142857,77.19771429,3,3,80.90589846,17.15660377,209.039548,63.60451977,3,3,,,,,,,,,,,,,,,,,,,,,,,,,,,,,,,4.5-6.5,,,,,
"Cheng et al., 2018","41бу42'N, 127бу38'E ",3.6,700,forest,urea,10,2,29.11896104,13.93349879,32.66597403,11.15260431,12,12,56.36363636,7.242909091,51.45454545,5.983272727,12,12,78.86363636,18.87272727,79.31818182,17.3,12,12,5.204545455,1.100909091,5.340909091,1.336818182,12,12,18.2295082,1.639344262,24.24043716,3.49726776,12,12,16.14754098,1.639344262,17.24043716,2.732240437,12,12,672.1354167,176.6041667,642.96875,252.2916667,12,12,,,,,,,4.656747405,0.280152249,4.490657439,0.165217993,12,12
"Cheng et al., 2018","41бу42'N, 127бу38'E ",3.6,700,forest,urea,20,2,29.11896104,13.93349879,41.59688312,20.70642773,12,12,56.36363636,7.242909091,66.18181818,13.856,12,12,78.86363636,18.87272727,91.81818182,36.95909091,12,12,5.204545455,1.100909091,6.204545455,1.808636364,12,12,18.2295082,1.639344262,24.34972678,3.169398907,12,12,16.14754098,1.639344262,19.69945355,1.50273224,12,12,672.1354167,176.6041667,725,189.21875,12,12,,,,,,,4.656747405,0.280152249,4.521799308,0.402269896,12,12
"Cheng et al., 2018","41бу42'N, 127бу38'E ",3.6,700,forest,urea,40,2,29.11896104,13.93349879,41.13974026,12.27766758,12,12,56.36363636,7.242909091,54,3.464,12,12,78.86363636,18.87272727,91.59090909,39.31818182,12,12,5.204545455,1.100909091,6.75,2.044545455,12,12,18.2295082,1.639344262,24.13114754,2.076502732,12,12,16.14754098,1.639344262,22.02185792,3.005464481,12,12,672.1354167,176.6041667,695.8333333,245.984375,12,12,,,,,,,4.656747405,0.280152249,4.482352941,0.229868512,12,12
"Cheng et al., 2018","41бу42'N, 127бу38'E ",3.6,700,forest,urea,60,2,29.11896104,13.93349879,48.24415584,19.86034841,12,12,56.36363636,7.242909091,61.63636364,10.07709091,12,12,78.86363636,18.87272727,102.0454545,28.30909091,12,12,5.204545455,1.100909091,7.068181818,2.280454545,12,12,18.2295082,1.639344262,24.56830601,2.295081967,12,12,16.14754098,1.639344262,25.30054645,2.322404372,12,12,672.1354167,176.6041667,739.5833333,208.140625,12,12,,,,,,,4.656747405,0.280152249,4.517647059,0.330435986,12,12
"Cheng et al., 2018","41бу42'N, 127бу38'E ",3.6,700,forest,urea,80,2,29.11896104,13.93349879,56.25350649,18.03254186,12,12,56.36363636,7.242909091,60.18181818,7.557818182,12,12,78.86363636,18.87272727,102.7272727,30.66818182,12,12,5.204545455,1.100909091,7.159090909,1.572727273,12,12,18.2295082,1.639344262,24.02185792,2.950819672,12,12,16.14754098,1.639344262,24.89071038,1.639344262,12,12,672.1354167,176.6041667,803.3854167,290.1354167,12,12,,,,,,,4.656747405,0.280152249,4.490657439,0.179584775,12,12
"Cheng et al., 2018","41бу42'N, 127бу38'E ",3.6,700,forest,urea,100,2,29.11896104,13.93349879,57.80467532,27.27126433,12,12,56.36363636,7.242909091,58.36363636,7.872727273,12,12,78.86363636,18.87272727,103.4090909,37.74545455,12,12,5.204545455,1.100909091,7.454545455,2.516363636,12,12,18.2295082,1.639344262,25.22404372,2.513661202,12,12,16.14754098,1.639344262,26.2568306,1.50273224,12,12,672.1354167,176.6041667,768.75,271.2135417,12,12,,,,,,,4.656747405,0.280152249,4.353633218,0.158034602,12,12
"Cheng et al., 2018","41бу42'N, 127бу38'E ",3.6,700,forest,urea,120,2,29.11896104,13.93349879,46.60467532,24.29453315,12,12,56.36363636,7.242909091,62.54545455,10.07709091,12,12,78.86363636,18.87272727,93.86363636,37.74545455,12,12,5.204545455,1.100909091,6.295454545,1.73,12,12,18.2295082,1.639344262,27.40983607,3.93442623,12,12,16.14754098,1.639344262,26.66666667,3.005464481,12,12,672.1354167,176.6041667,814.3229167,264.90625,12,12,,,,,,,4.656747405,0.280152249,4.484429066,0.28733564,12,12
"Cheng et al., 2018","41бу42'N, 127бу38'E ",3.6,700,forest,urea,140,2,29.11896104,13.93349879,40.14337662,8.485229841,12,12,56.36363636,7.242909091,60.36363636,5.983272727,12,12,78.86363636,18.87272727,89.77272727,18.87272727,12,12,5.204545455,1.100909091,6.159090909,1.258181818,12,12,18.2295082,1.639344262,24.78688525,2.950819672,12,12,16.14754098,1.639344262,32.81420765,1.912568306,12,12,672.1354167,176.6041667,715.8854167,239.6770833,12,12,,,,,,,4.656747405,0.280152249,4.384775087,0.208318339,12,12
"Cui et al., 2014","33бу45'N, 101бу47'W",15.5,550,grassland,urea,60,3,6.12,1.1232648,6.8,1.230324,3,3,,,,,,,,,,,,,,,,,,,,,,,,,,,,,,,,,,,,,,,,,,,,,,,,
"Cusack et al., 2011","18.3буN, 65.8буW",23,3500,forest,NH4NO3,50,6,5.334,0.288201842,16.03,0.131490051,3,3,32.373,0.151528867,35.496,0.027779444,3,3,39,3.464,48,6.928,3,3,2.7,0.3464,3.4,0.5196,3,3,,,,,,,,,,,,,2.1,1.0392,2.9,2.9444,3,3,,,,,,,3.8,0.1732,3.9,0.3464,3,3
"Cusack et al., 2011","18.3буN, 65.8буW",23,3500,forest,NH4NO3,50,6,12.675,0.578720139,11.271,0.329441334,3,3,35.557,0.190330434,46.32,0.229356367,3,3,51,3.464,68,29.444,3,3,2.4,0.3464,3.1,1.0392,3,3,,,,,,,,,,,,,3.5,1.5588,5.3,2.9444,3,3,,,,,,,4,0.1732,3.9,0.1732,3,3
"Divito et al., 2011","37бу45'S, 58бу18'W",,,cropland,urea,116,7,10.22332506,2.580645161,10.62034739,3.374689826,4,4,23.02729529,2.977667494,23.72208437,2.977667494,4,4,33.25062035,3.940334142,34.34243176,4.500559424,4,4,2.656059758,0.256450961,2.929774704,0.153802541,4,4,,,,,,,,,,,,,,,,,,,,,,,,,5.5,,,,,
"Divito et al., 2011","37бу45'S, 58бу18'W",,,cropland,urea,176,7,10.22332506,2.580645161,11.41439206,1.58808933,4,4,23.02729529,2.977667494,23.42431762,1.786600496,4,4,33.25062035,3.940334142,34.83870968,2.390390983,4,4,2.656059758,0.256450961,2.780394464,0.17952843,4,4,,,,,,,,,,,,,,,,,,,,,,,,,5.5,,,,,
"Dou et al., 2006","30бу32'N, 94бу26'W",20,978,cropland,NH4NO3,68,20,2.757971231,0.737872688,3.507357418,1.857599499,4,4,7.224008574,0.303154033,7.502679528,0.291564212,4,4,9.981979805,0.797720798,11.01003695,1.88034188,4,4,,,,,,,,,,,,,,,,,,,,,,,,,,,,,,,8.2,,,,,
"Dou et al., 2006","30бу32'N, 94бу26'W",20,978,cropland,NH4NO3,68,20,4.252648445,0.615004169,6.026924668,0.789829029,4,4,9.153269025,0.412334063,9.603429796,0.455740442,4,4,13.40591747,0.740438726,15.63035446,0.911882255,4,4,,,,,,,,,,,,,,,,,,,,,,,,,,,,,,,8.2,,,,,
"Dou et al., 2006","30бу32'N, 94бу26'W",20,978,cropland,NH4NO3,68,20,3.08693034,0.556604455,3.937369004,0.296408386,4,4,6.79528403,0.288394942,6.688102894,0.346312849,4,4,9.88221437,0.626881298,10.6254719,0.455840456,4,4,,,,,,,,,,,,,,,,,,,,,,,,,,,,,,,8.2,,,,,
"Dou et al., 2006","30бу32'N, 94бу26'W",20,978,cropland,NH4NO3,68,20,6.837623994,0.968891304,8.454069026,0.449520312,4,4,9.260450161,0.702179608,10.09646302,0.515361856,4,4,16.09807415,1.196581197,18.55053205,0.683861355,4,4,,,,,,,,,,,,,,,,,,,,,,,,,,,,,,,8.2,,,,,
"Dou et al., 2006","30бу32'N, 94бу26'W",20,978,cropland,NH4NO3,68,20,3.307508348,0.727524716,3.765416615,0.823869414,4,4,6.816720257,0.327209808,6.988210075,0.227870221,4,4,10.1242286,0.797720798,10.75362669,0.854801526,4,4,,,,,,,,,,,,,,,,,,,,,,,,,,,,,,,8.2,,,,,
"Dou et al., 2006","30бу32'N, 94бу26'W",20,978,cropland,NH4NO3,68,20,7.020560256,0.183602252,8.391597033,1.755656289,4,4,9.946409432,0.338936512,9.603429796,0.819077092,4,4,16.96696969,0.284900285,17.99502683,1.937321937,4,4,,,,,,,,,,,,,,,,,,,,,,,,,,,,,,,8.2,,,,,
"Fabrizzi et al., 2002","37бу45'S, 58бу18'W",,,cropland,urea,120,7,1.806,0.155563492,2.0455,0.181726443,2,2,21.955,0.148492424,21.66,0.070710678,2,2,23.8,0,23.7,0.282842712,2,2,2.105,0.007071068,2.14,0.028284271,2,2,,,,,,,,,,,,,,,,,,,,,,,,,,,,,,
"Fabrizzi et al., 2002","37бу45'S, 58бу18'W",,,cropland,urea,120,7,2.4385,1.322996788,2.686,1.673014644,2,2,22.68,0.90509668,24.265,1.110157646,2,2,25.1,2.2627417,26.95,2.757716447,2,2,2.245,0.148492424,2.31,0.240416306,2,2,,,,,,,,,,,,,,,,,,,,,,,,,,,,,,
"Fabrizzi et al., 2002","37бу34'S, 59бу04'W",,,cropland,urea,150,4,3.0395,1.580383656,3.0775,1.501187696,2,2,27.885,0.06363961,28.06,1.103086579,2,2,31.85,0.212132034,31.15,2.61629509,2,2,2.96,0.084852814,2.97,0.169705627,2,2,,,,,,,,,,,,,,,,,,,,,,,,,,,,,,
"Fabrizzi et al., 2002","37бу34'S, 59бу04'W",,,cropland,urea,150,4,2.5195,1.570484161,2.8575,1.784030409,2,2,27.72,1.923330445,28.025,2.623366158,2,2,30.25,3.464823228,30.9,4.384062043,2,2,2.895,0.233345238,2.885,0.261629509,2,2,,,,,,,,,,,,,,,,,,,,,,,,,,,,,,
"Fang et al., 2014","37бу37'N, 101бу19'E",-1.7,648,grassland,NH4Cl,10,5,32.67,4.814991151,36.39,8.845841347,3,3,15.55,1.9052,19.76,1.57612,3,3,48,5.5424,58.06,7.91524,3,3,,,,,,,,,,,,,,,,,,,,,,,,,,,,,,,,,,,,
"Fang et al., 2014","37бу37'N, 101бу19'E",-1.7,648,grassland,NH4Cl,20,5,32.67,4.814991151,21.85,3.479078881,3,3,15.55,1.9052,21.77,7.29172,3,3,48,5.5424,35.66,9.49136,3,3,,,,,,,,,,,,,,,,,,,,,,,,,,,,,,,,,,,,
"Fang et al., 2014","37бу37'N, 101бу19'E",-1.7,648,grassland,NH4Cl,40,5,32.67,4.814991151,28.5,9.590792633,3,3,15.55,1.9052,8.78,5.07476,3,3,48,5.5424,40.69,10.28808,3,3,,,,,,,,,,,,,,,,,,,,,,,,,,,,,,,,,,,,
"Fang et al., 2014","37бу37'N, 101бу19'E",-1.7,648,grassland,(NH4)2SO4,10,5,32.67,4.814991151,35.32,6.998758903,3,3,15.55,1.9052,20.8,1.59344,3,3,48,5.5424,54.96,5.55972,3,3,,,,,,,,,,,,,,,,,,,,,,,,,,,,,,,,,,,,
"Fang et al., 2014","37бу37'N, 101бу19'E",-1.7,648,grassland,(NH4)2SO4,20,5,32.67,4.814991151,21.09,2.537128759,3,3,15.55,1.9052,18.61,5.55972,3,3,48,5.5424,36.18,5.55972,3,3,,,,,,,,,,,,,,,,,,,,,,,,,,,,,,,,,,,,
"Fang et al., 2014","37бу37'N, 101бу19'E",-1.7,648,grassland,(NH4)2SO4,40,5,32.67,4.814991151,33.69,3.239025235,3,3,15.55,1.9052,11.31,3.16956,3,3,48,5.5424,53.59,9.50868,3,3,,,,,,,,,,,,,,,,,,,,,,,,,,,,,,,,,,,,
"Fang et al., 2014","37бу37'N, 101бу19'E",-1.7,648,grassland,KNO3,10,5,32.67,4.814991151,36.16,6.50466891,3,3,15.55,1.9052,18.43,3.16956,3,3,48,5.5424,53.59,8.72928,3,3,,,,,,,,,,,,,,,,,,,,,,,,,,,,,,,,,,,,
"Fang et al., 2014","37бу37'N, 101бу19'E",-1.7,648,grassland,KNO3,20,5,32.67,4.814991151,31.8,1.988483848,3,3,15.55,1.9052,12.96,3.79308,3,3,48,5.5424,44.43,2.37284,3,3,,,,,,,,,,,,,,,,,,,,,,,,,,,,,,,,,,,,
"Fang et al., 2014","37бу37'N, 101бу19'E",-1.7,648,grassland,KNO3,40,5,32.67,4.814991151,23.87,2.811874129,3,3,15.55,1.9052,21.9,3.48132,3,3,48,5.5424,42.14,5.5424,3,3,,,,,,,,,,,,,,,,,,,,,,,,,,,,,,,,,,,,
"Fang et al., 2019","26бу42'N, 115бу04'E ",17.9,1600,forest,urea+NH4NO3,50,5,7.915392457,0.966689696,9.742099898,1.789713062,5,5,12.51533742,2.061349693,13.98773006,1.855214724,5,5,20.40452428,3.191341761,23.73087159,4.106666667,5,5,,,,,,,,,,,,,,,,,,,,,,,,,44.24242424,10.86060606,40.60606061,6.787878788,5,5,,,,,,
"Fang et al., 2019","26бу42'N, 115бу04'E ",17.9,1600,forest,urea+NH4NO3,100,5,7.915392457,0.966689696,9.298674822,1.104903215,5,5,12.51533742,2.061349693,13.1595092,0.618404908,5,5,20.40452428,3.191341761,22.37203371,2.281481481,5,5,,,,,,,,,,,,,,,,,,,,,,,,,44.24242424,10.86060606,40,9.503030303,5,5,,,,,,
"Ferreira et al., 2018","30бу26'N, 54бу31'W",18,1351,grassland,urea,24,3,2.371191136,1.51800554,4.232686981,1.772853186,4,4,19.19689119,2.370466321,18.65284974,2.797927461,4,4,,,,,,,,,,,,,,,,,,,,,,,,,,,,,,,,,,,,,4.71,,,,,
"Ferreira et al., 2018","30бу26'N, 54бу31'W",18,1351,grassland,urea,36,3,2.371191136,1.51800554,7.091412742,0.886426593,4,4,19.19689119,2.370466321,21.76165803,3.419689119,4,4,,,,,,,,,,,,,,,,,,,,,,,,,,,,,,,,,,,,,4.71,,,,,
"Ferreira et al., 2018","30бу26'N, 54бу31'W",18,1351,grassland,urea,48,3,2.371191136,1.51800554,4.853185596,2.393351801,4,4,19.19689119,2.370466321,26.89119171,1.865284974,4,4,,,,,,,,,,,,,,,,,,,,,,,,,,,,,,,,,,,,,4.71,,,,,
"Ferreira et al., 2018","30бу26'N, 54бу31'W",18,1351,grassland,urea,108,3,2.371191136,1.51800554,4.299168975,1.019390582,4,4,19.19689119,2.370466321,20.3626943,1.398963731,4,4,,,,,,,,,,,,,,,,,,,,,,,,,,,,,,,,,,,,,4.71,,,,,
"Frasier et al., 2016","36бу36'37'S, 63бу58'48''W",,700,cropland,urea,40,<1,5.430555556,0.944444444,4,0.805555556,4,4,14.09722222,0.944444444,13.66666667,0.805555556,4,4,19.54166667,1.5,17.66666667,1.277777778,4,4,1.666666667,0.111111111,1.569444444,0.111111111,4,4,,,,,,,,,,,,,125,19.44444444,125,19.44444444,4,4,263.8888889,27.77777778,222.2222222,27.77777778,4,4,5.8,,,,,
"Frasier et al., 2016","36бу36'37'S, 63бу58'48''W",,700,cropland,urea,40,2,4.666666667,0.861111111,4.875,0.75,4,4,14.69444444,0.861111111,16.375,0.75,4,4,19.36111111,1.361111111,21.25,1.222222222,4,4,1.722222222,0.111111111,1.805555556,0.111111111,4,4,,,,,,,,,,,,,41.66666667,11.11111111,27.77777778,11.11111111,4,4,263.8888889,27.77777778,277.7777778,27.77777778,4,4,5.8,,,,,
"Geng et al., 2019","26бу44'48N, 115бу04'13E ",17.9,1475,forest,NH4Cl,40,4,2.883950617,0.357187375,3.259259259,1.779041975,3,3,4.958024691,0.650034568,5.214814815,0.47897284,3,3,,,,,,,,,,,,,,,,,,,,,,,,,,,,,,,,,,,,,4.26,,,,,
"Geng et al., 2019","26бу44'48N, 115бу04'13E ",17.9,1475,forest,NaNO3,40,4,2.883950617,0.357187375,2.70617284,0.876263599,3,3,4.958024691,0.650034568,5.096296296,1.471130864,3,3,,,,,,,,,,,,,,,,,,,,,,,,,,,,,,,,,,,,,4.26,,,,,
"Geng et al., 2019","26бу44'48N, 115бу04'13E ",17.9,1475,forest,NH4Cl,120,4,2.883950617,0.357187375,4.879012346,1.536892292,3,3,4.958024691,0.650034568,4.879012346,0.718459259,3,3,,,,,,,,,,,,,,,,,,,,,,,,,,,,,,,,,,,,,4.26,,,,,
"Geng et al., 2019","26бу44'48N, 115бу04'13E ",17.9,1475,forest,NaNO3,120,4,2.883950617,0.357187375,5.195061728,1.560323031,3,3,4.958024691,0.650034568,5.748148148,1.813254321,3,3,,,,,,,,,,,,,,,,,,,,,,,,,,,,,,,,,,,,,4.26,,,,,
"Geng et al., 2020","26бу44'39''N, 115бу03'33''E ",17.9,1475,forest,NH4Cl,40,4,2.862081663,0.373556796,3.254541363,1.733984632,3,3,4.95322859,0.572404686,5.179002815,0.515305785,3,3,9.66,1.57612,10.96,2.58068,3,3,0.94,0.24248,1.03,0.19052,3,3,7.65,1.732,7.74,1.33364,3,3,2.13,0.6928,3.99,1.09116,3,3,,,,,,,,,,,,,5.13,0.55424,4.26,0.0866,3,3
"Geng et al., 2020","26бу44'39''N, 115бу03'33''E ",17.9,1475,forest,NaNO3,40,4,2.862081663,0.373556796,2.667437198,0.894096918,3,3,4.95322859,0.572404686,5.107438017,1.37414876,3,3,9.66,1.57612,9.43,2.44212,3,3,0.94,0.24248,0.86,0.29444,3,3,7.65,1.732,7.08,1.07384,3,3,2.13,0.6928,3.53,1.00456,3,3,,,,,,,,,,,,,5.13,0.55424,4.53,0.06928,3,3
"Geng et al., 2020","26бу44'39''N, 115бу03'33''E ",17.9,1475,forest,NH4Cl,120,4,2.862081663,0.373556796,4.881965469,1.568938545,3,3,4.95322859,0.572404686,4.804377441,0.80142948,3,3,9.66,1.57612,11.15,1.93984,3,3,0.94,0.24248,0.94,0.15588,3,3,7.65,1.732,7.22,2.28624,3,3,2.13,0.6928,6.03,1.54148,3,3,,,,,,,,,,,,,5.13,0.55424,4.1,0.0866,3,3
"Geng et al., 2020","26бу44'39''N, 115бу03'33''E ",17.9,1475,forest,NaNO3,120,4,2.862081663,0.373556796,5.194644464,1.551711378,3,3,4.95322859,0.572404686,5.69139951,1.774942149,3,3,9.66,1.57612,11.76,2.75388,3,3,0.94,0.24248,0.97,0.19052,3,3,7.65,1.732,7.22,1.92252,3,3,2.13,0.6928,5.98,1.93984,3,3,,,,,,,,,,,,,5.13,0.55424,5.17,0.3464,3,3
"Geng et al., 2021","50бу49'N, 121бу31'E",-5.4,580,forest,NH4Cl,10,6,17.03,3.04832,11.66,3.84504,3,3,68.12,15.60532,58.68,41.3948,3,3,80.3,19.51964,70.42,50.85152,3,3,5.04,1.66272,4.71,3.75844,3,3,9.91,2.45944,7.55,3.79308,3,3,1.26,0.41568,2.65,2.00912,3,3,231.57,31.21064,184.29,32.44036,3,3,23.82,4.72836,18.06,4.45124,3,3,5.65,0.10392,5.8,0.1732,3,3
"Geng et al., 2021","50бу49'N, 121бу31'E",-5.4,580,forest,NH4Cl,20,6,17.03,3.04832,12.39,3.08296,3,3,68.12,15.60532,49.07,33.8606,3,3,80.3,19.51964,54.35,39.3164,3,3,5.04,1.66272,3.19,2.165,3,3,9.91,2.45944,9.17,6.99728,3,3,1.26,0.41568,1.16,0.57156,3,3,231.57,31.21064,156.41,55.18152,3,3,23.82,4.72836,19.67,3.42936,3,3,5.65,0.10392,5.57,0.13856,3,3
"Geng et al., 2021","50бу49'N, 121бу31'E",-5.4,580,forest,NH4Cl,40,6,17.03,3.04832,10.64,1.76664,3,3,68.12,15.60532,27.43,6.46036,3,3,80.3,19.51964,30.82,8.20968,3,3,5.04,1.66272,1.9,0.55424,3,3,9.91,2.45944,9.3,0.64084,3,3,1.26,0.41568,1.24,0.2598,3,3,231.57,31.21064,171.68,9.04104,3,3,23.82,4.72836,24.19,8.43484,3,3,5.65,0.10392,5.63,0.0866,3,3
"Geng et al., 2021","50бу49'N, 121бу31'E",-5.4,580,forest,KNO3,10,6,17.03,3.04832,30.43,12.52236,3,3,68.12,15.60532,112.98,42.38204,3,3,80.3,19.51964,150.51,55.26812,3,3,5.04,1.66272,7.85,4.81496,3,3,9.91,2.45944,9.07,1.80128,3,3,1.26,0.41568,7.78,9.83776,3,3,231.57,31.21064,245.49,42.81504,3,3,23.82,4.72836,19.15,4.05288,3,3,5.65,0.10392,5.62,0.1732,3,3
"Geng et al., 2021","50бу49'N, 121бу31'E",-5.4,580,forest,KNO3,20,6,17.03,3.04832,23.41,13.23248,3,3,68.12,15.60532,83.6,39.33372,3,3,80.3,19.51964,105.69,51.16328,3,3,5.04,1.66272,5.3,2.47676,3,3,9.91,2.45944,11.92,5.26528,3,3,1.26,0.41568,1.66,0.91796,3,3,231.57,31.21064,239.56,24.97544,3,3,23.82,4.72836,33.47,10.37468,3,3,5.65,0.10392,5.61,0.1732,3,3
"Geng et al., 2021","50бу49'N, 121бу31'E",-5.4,580,forest,KNO3,40,6,17.03,3.04832,30.73,8.1404,3,3,68.12,15.60532,93.41,15.79584,3,3,80.3,19.51964,113.65,22.87972,3,3,5.04,1.66272,5.21,0.88332,3,3,9.91,2.45944,23.1,12.33184,3,3,1.26,0.41568,16.78,8.15772,3,3,231.57,31.21064,307.54,47.09308,3,3,23.82,4.72836,20.03,2.70192,3,3,5.65,0.10392,5.69,0.1732,3,3
"Hagedorn et al., 2003",╚Ё╩┐,,,forest,NH4NO3,70,4,6.728971963,0.939871942,7.808930426,0.599053171,4,4,19.64693666,1.49993521,20.47767394,1.186530165,4,4,64.49758622,3.394124821,69.79082075,12.5574977,4,4,,,,,,,,,,,,,,,,,,,,,,,,,,,,,,,4.1,,,,,
"Hagedorn et al., 2003",╚Ё╩┐,,,forest,NH4NO3,70,4,9.055036345,1.108341771,8.639667705,1.638470025,4,4,13.49948079,0.544750864,15.24402908,1.421993169,4,4,52.36553404,6.447983123,52.73816409,6.447983123,4,4,,,,,,,,,,,,,,,,,,,,,,,,,,,,,,,7.2,,,,,
"Huang et al., 2011","38бу14'S, 175бу58'E",11.5,1764,forest,urea,250,4,12.9,2,15.2,4.8,4,4,43.6,5.2,45.7,4.8,4,4,56.4,9.4,60.9,4.2,4,4,2.9,0.4,3.7,0.4,4,4,,,,,,,,,,,,,,,,,,,,,,,,,,,,,,
"Huang et al., 2011","38бу14'S, 175бу58'E",11.5,1764,forest,urea,250,9,16.1,3,21.2,3.6,4,4,38.5,4.6,45.5,3.8,4,4,54.5,5.4,66.8,7,4,4,2.8,0.4,3.8,0.6,4,4,,,,,,,,,,,,,,,,,,,,,,,,,,,,,,
"Huang et al., 2011","38бу14'S, 175бу58'E",11.5,1764,forest,urea,250,14,21.6,5.6,25.4,6.4,4,4,43.8,5.8,48.3,3.2,4,4,65,6.8,73.8,9.4,4,4,3,0.4,3.8,0.2,4,4,,,,,,,,,,,,,,,,,,,,,,,,,,,,,,
"Jantalia and Ardell, 2011","40бу39'N, 104бу59'W",10.6,383,cropland,urea+NH4NO3,67,9,12.6,2.312604,12.5,2.261625,3,3,,,,,,,42.2,4.497676,46.9,6.3506821,3,3,5.4,1.1085012,6,1.382112,3,3,,,,,,,,,,,,,,,,,,,,,,,,,7.8,,,,,
"Jantalia and Ardell, 2011","40бу39'N, 104бу59'W",10.6,383,cropland,urea+NH4NO3,134,9,12.6,2.312604,13.9,2.514927,3,3,,,,,,,42.2,4.497676,45.4,6.1475686,3,3,5.4,1.1085012,5.9,1.3590768,3,3,,,,,,,,,,,,,,,,,,,,,,,,,7.8,,,,,
"Jantalia and Ardell, 2011","40бу39'N, 104бу59'W",10.6,383,cropland,urea+NH4NO3,224,9,12.6,2.312604,14.7,2.659671,3,3,,,,,,,42.2,4.497676,46.7,6.3236003,3,3,5.4,1.1085012,5.9,1.3590768,3,3,,,,,,,,,,,,,,,,,,,,,,,,,7.8,,,,,
"Jiang et al., 2019(In Chinese)","34бу26'N, 105бу13'E",6.4,390.9,cropland,urea,50,3,0.92,0.1688568,1.13,0.2044509,3,3,9.38,1.16034352,9.37,1.59684477,3,3,10.27,1.0945766,10.73,1.45293857,3,3,0.87,0.17859186,0.91,0.20962032,3,3,,,,,,,,,,,,,97.65,,106.51,,3,3,146.31,19.96370688,171.85,24.25336235,3,3,,,,,,
"Jiang et al., 2019(In Chinese)","34бу26'N, 105бу13'E",6.4,390.9,cropland,urea,100,3,0.92,0.1688568,1.26,0.2279718,3,3,9.38,1.16034352,9.4,1.6019574,3,3,10.27,1.0945766,10.73,1.45293857,3,3,0.87,0.17859186,0.93,0.21422736,3,3,,,,,,,,,,,,,97.65,,114.64,,3,3,146.31,19.96370688,185.3,26.1515743,3,3,,,,,,
"Jiang et al., 2019(In Chinese)","34бу26'N, 105бу13'E",6.4,390.9,cropland,urea,50,3,0.79,0.1449966,0.94,0.1700742,3,3,8.59,1.06261736,8.61,1.46732481,3,3,9.25,0.985865,9.77,1.32294593,3,3,0.82,0.16832796,0.86,0.19810272,3,3,,,,,,,,,,,,,77.44,,82.47,,3,3,157.44,21.48237312,167.81,23.68319311,3,3,,,,,,
"Jiang et al., 2019(In Chinese)","34бу26'N, 105бу13'E",6.4,390.9,cropland,urea,100,3,0.79,0.1449966,1.08,0.1954044,3,3,8.59,1.06261736,8.41,1.43324061,3,3,9.25,0.985865,9.86,1.33513274,3,3,0.82,0.16832796,0.87,0.20040624,3,3,,,,,,,,,,,,,77.44,,90.21,,3,3,157.44,21.48237312,170.21,24.02190751,3,3,,,,,,
"Li et al,m 2018(In Chinese)","36бу22'N, 111бу35'E",12.6,500,cropland,,150,5,1.9,1.2,2.1,0.4,4,4,8.7,0.8,5.7,0.4,4,4,10.6,0.6,7.8,0.4,4,4,1.03,0.08,0.98,0.14,4,4,,,,,,,,,,,,,59.9,3.2,87.4,10.6,4,4,,,,,,,7.9,,,,,
"Li et al,m 2018(In Chinese)","36бу22'N, 111бу35'E",12.6,500,cropland,,90,5,1.9,1.2,2.6,0.4,4,4,8.7,0.8,5.7,0.4,4,4,10.6,0.6,8.3,0.3,4,4,1.03,0.08,1.04,0.14,4,4,,,,,,,,,,,,,59.9,3.2,75.7,4.2,4,4,,,,,,,7.9,,,,,
"Li et al., 2018","36бу50'N, 116бу34'E",13.4,569.6,cropland,urea,400,28,0.76,0.24,1.17,0.5,4,4,,,,,,,7.34,0.74,8.57,1.44,4,4,,,,,,,,,,,,,,,,,,,77.57,15.2,82.89,28.9,4,4,168.39,36.38,183.76,63.64,4,4,,,,,,
"Li et al., 2018","36бу50'N, 116бу34'E",13.4,569.6,cropland,urea,800,28,0.76,0.24,1.63,0.5,4,4,,,,,,,7.34,0.74,9.56,1.32,4,4,,,,,,,,,,,,,,,,,,,77.57,15.2,99.62,13.68,4,4,168.39,36.38,222.3,48.48,4,4,,,,,,
"Li et al., 2019","35бу01'N, 114бу34'E",14.5,597,cropland,urea,270,2,1.67,0.24,1.93,0.345,3,3,,,,,,,8.05,0.69,8.26,0.77,3,3,0.84,0.07,0.9,0.06,3,3,,,,,,,10,2.6,27.2,7.2,3,3,179,26,200,33,3,3,150,39,154,15,3,3,7.9,,,,,
"Li et al., 2019","35бу01'N, 114бу34'E",14.5,597,cropland,urea,360,2,1.67,0.24,1.74,0.18,3,3,,,,,,,8.05,0.69,8.53,0.81,3,3,0.84,0.07,0.9,0.06,3,3,,,,,,,10,2.6,29.2,5.2,3,3,179,26,200,19,3,3,150,39,146,37,3,3,7.9,,,,,
"Li et al., 2019","35бу01'N, 114бу34'E",14.5,597,cropland,urea,450,2,1.67,0.24,1.85,0.3,3,3,,,,,,,8.05,0.69,8.55,0.73,3,3,0.84,0.07,0.92,0.07,3,3,,,,,,,10,2.6,35.2,6.4,3,3,179,26,212,22,3,3,150,39,137,27,3,3,7.9,,,,,
"Liang et al., 2014","41бу31'N, 123бу24'E",7.9,700,cropland,urea,225,19,4.685,1.628138961,2.263,0.074375234,3,3,2.86,0.24248,3.11,0.12124,3,3,11.46,1.299,10.99,0.1732,3,3,,,,,,,,,,,,,,,,,,,,,,,,,,,,,,,,,,,,
"Liebig et al., 2002","41бу10'12''N, 96бу52'12''W",,,cropland,NH4NO3,90,16,5.9,1.354006401,5.7,0.454606057,4,4,,,,,,,14.575,0.997914492,15,0.424264069,4,4,,,,,,,,,,,,,,,,,,,,,,,,,,,,,,,6.8225,0.069940451,6.65,0.09486833,4,4
"Liebig et al., 2002","41бу10'12''N, 96бу52'12''W",,,cropland,NH4NO3,180,16,5.9,1.354006401,6.525,0.602079729,4,4,,,,,,,14.575,0.997914492,15.975,1.325078614,4,4,,,,,,,,,,,,,,,,,,,,,,,,,,,,,,,6.8225,0.069940451,6.44,0.281187956,4,4
"Liu et al., 2013","35бу16'N, 107бу30'E",9.8,540,cropland,urea,90,29,0.74,0.01,0.66,0.02,3,3,,,,,,,6.2,0.16,6.23,0.16,3,3,,,,,,,,,,,,,,,,,,,133.68,10,136.32,18.94,3,3,139.3,7.38,155.54,7.38,3,3,8.2,,,,,
"Lu et al., 2021","23бу10'N, 112бу10'E ",21.9,1748,forest,NH4NO3,50,11,6.91,1.00456,6.54,0.31176,3,3,21.32,1.76664,25.15,2.40748,3,3,30.34825871,3.878283582,35.82089552,5.171044776,3,3,2.132231405,0.257652893,2.628099174,0.34353719,3,3,,,,,,,,,,,,,,,,,,,,,,,,,3.839316239,0.071515897,3.733333333,0.113233504,3,3
"Lu et al., 2021","23бу10'N, 112бу10'E ",21.9,1748,forest,NH4NO3,100,11,6.91,1.00456,6.49,0.65816,3,3,21.32,1.76664,28.07,2.89244,3,3,30.34825871,3.878283582,37.81094527,6.46380597,3,3,2.132231405,0.257652893,2.776859504,0.34353719,3,3,,,,,,,,,,,,,,,,,,,,,,,,,3.839316239,0.071515897,3.712820513,0.017878974,3,3
"Lu et al., 2021","23бу10'N, 112бу10'E ",21.9,1748,forest,NH4NO3,150,11,6.91,1.00456,5.82,0.6928,3,3,21.32,1.76664,28.23,3.2908,3,3,30.34825871,3.878283582,38.55721393,5.171044776,3,3,2.132231405,0.257652893,2.826446281,0.214710744,3,3,,,,,,,,,,,,,,,,,,,,,,,,,3.839316239,0.071515897,3.671794872,0.077475556,3,3
"Maillard et al., 2015","49бу17'N, 121бу45'W",,,cropland,NH4NO3,50,17,0.67,0.1229718,0.716666667,0.1296665,4,4,10.77,1.33229208,10.73,1.82861733,4,4,13.24,1.4111192,13.34,1.80635606,4,4,,,,,,,,,,,,,,,,,,,,,,,,,,,,,,,5.6,,,,,
"Maillard et al., 2015","49бу17'N, 121бу45'W",,,cropland,NH4NO3,100,17,0.67,0.1229718,0.773333333,0.1399192,4,4,10.77,1.33229208,11.03,1.87974363,4,4,13.24,1.4111192,13.68,1.85239512,4,4,,,,,,,,,,,,,,,,,,,,,,,,,,,,,,,5.6,,,,,
"Malhi and Lemke, 2007","52бу52'N, 104бу20'W",0.3,410,cropland,urea,80,4,2.964,0.54401256,3.835,0.69386655,4,4,,,,,,,23.35,2.488643,23.62,3.19836058,4,4,1.88,0.38592264,1.95,0.4491864,4,4,,,,,,,,,,,,,,,,,,,,,,,,,7.1,,,,,
"Malhi and Lemke, 2007","52бу52'N, 104бу20'W",0.3,410,cropland,urea,80,4,1.641,0.30118914,1.95,0.3528135,4,4,,,,,,,25.21,2.6868818,24.27,3.28637643,4,4,2.13,0.43724214,2.03,0.46761456,4,4,,,,,,,,,,,,,,,,,,,,,,,,,7.1,,,,,
"Malhi et al., 2005","50бу30'N, 114бу3'W",,450,grassland,NH4NO3,112,27,2.6885,0.49344729,14.803,2.67830679,6,6,,,,,,,,,,,,,,,,,,,,,,,,,,,,,,,,,,,,,,,,,,,7,,,,,
"Malhi et al., 2005","50бу30'N, 114бу3'W",,450,grassland,NH4NO3,224,27,2.6885,0.49344729,29.095,5.26415835,6,6,,,,,,,,,,,,,,,,,,,,,,,,,,,,,,,,,,,,,,,,,,,7,,,,,
"Malhi et al., 2011","53бу07'N, 114бу28'W",,475,cropland,urea,25,27,6.355555556,1.166498667,9.833333333,1.779145,4,4,,,,,,,10.77,1.1478666,12.03,1.62897027,4,4,1.003,0.205893834,1.054,0.242791008,4,4,,,,,,,3.2,0.7701984,3.4,0.94537,4,4,,,,,,,,,,,,,5.91,0.2170152,5.81,0.17765237,4,4
"Malhi et al., 2011","53бу07'N, 114бу28'W",,475,cropland,urea,50,27,6.355555556,1.166498667,12.58888889,2.277707667,4,4,,,,,,,10.77,1.1478666,12.25,1.65876025,4,4,1.003,0.205893834,1.101,0.253617552,4,4,,,,,,,3.2,0.7701984,10,2.7805,4,4,,,,,,,,,,,,,5.91,0.2170152,5.31,0.16236387,4,4
"Malhi et al., 2011","53бу07'N, 114бу28'W",,475,cropland,urea,75,27,6.355555556,1.166498667,10.75555556,1.946002667,4,4,,,,,,,10.77,1.1478666,15.05,2.03790545,4,4,1.003,0.205893834,1.316,0.303143232,4,4,,,,,,,3.2,0.7701984,3.7,1.028785,4,4,,,,,,,,,,,,,5.91,0.2170152,5.1,0.1559427,4,4
"Malhi et al., 2011","53бу07'N, 114бу28'W",,475,cropland,urea,25,27,7.555555556,1.386746667,11.37777778,2.058581333,4,4,,,,,,,11.91,1.2693678,12.96,1.75490064,4,4,1.029,0.211231062,1.121,0.258224592,4,4,,,,,,,2,0.481374,2.1,0.583905,4,4,,,,,,,,,,,,,5.94,0.2181168,5.57,0.17031389,4,4
"Malhi et al., 2011","53бу07'N, 114бу28'W",,475,cropland,urea,50,27,7.555555556,1.386746667,13.02222222,2.356110667,4,4,,,,,,,11.91,1.2693678,15.29,2.07040361,4,4,1.029,0.211231062,1.344,0.309593088,4,4,,,,,,,2,0.481374,7.7,2.140985,4,4,,,,,,,,,,,,,5.94,0.2181168,5.4,0.1651158,4,4
"Malhi et al., 2011","53бу07'N, 114бу28'W",,475,cropland,urea,75,27,7.555555556,1.386746667,18.02222222,3.260760667,4,4,,,,,,,11.91,1.2693678,16.49,2.23289441,4,4,1.029,0.211231062,1.404,0.323414208,4,4,,,,,,,2,0.481374,19.5,5.421975,4,4,,,,,,,,,,,,,5.94,0.2181168,5.16,0.15777732,4,4
"Malhi et al., 2011","53бу25'N, 113бу33'W",,450,cropland,urea,25,27,12.66666667,2.32484,17.26666667,3.124058,4,4,,,,,,,43.77,4.6650066,45.42,6.15027678,4,4,3.688,0.757065264,3.84,0.88455168,4,4,,,,,,,,,,,,,,,,,,,,,,,,,5.43,0.1993896,5.41,0.16542157,4,4
"Malhi et al., 2011","53бу25'N, 113бу33'W",,450,cropland,urea,50,27,12.66666667,2.32484,16.82222222,3.043644667,4,4,,,,,,,43.77,4.6650066,43.8,5.9309142,4,4,3.688,0.757065264,3.764,0.867044928,4,4,,,,,,,,,,,,,,,,,,,,,,,,,5.43,0.1993896,4.15,0.12689455,4,4
"Malhi et al., 2011","53бу25'N, 113бу33'W",,450,cropland,urea,75,27,12.66666667,2.32484,17.66666667,3.19643,4,4,,,,,,,43.77,4.6650066,45.14,6.11236226,4,4,3.688,0.757065264,3.883,0.894456816,4,4,,,,,,,,,,,,,,,,,,,,,,,,,5.43,0.1993896,4.13,0.12628301,4,4
"Malhi et al., 2011","53бу25'N, 113бу33'W",,450,cropland,urea,25,27,14.97777778,2.749021333,19.57777778,3.542207333,4,4,,,,,,,,,,,4,4,,,,,4,4,,,,,,,,,,,,,,,,,,,,,,,,,5.35,0.196452,5.37,0.16419849,4,4
"Malhi et al., 2011","53бу25'N, 113бу33'W",,450,cropland,urea,50,27,14.97777778,2.749021333,21.71111111,3.928191333,4,4,,,,,,,,,,,4,4,,,,,4,4,,,,,,,,,,,,,,,,,,,,,,,,,5.35,0.196452,5.22,0.15961194,4,4
"Malhi et al., 2011","53бу25'N, 113бу33'W",,450,cropland,urea,75,27,14.97777778,2.749021333,24.56666667,4.444847,4,4,,,,,,,,,,,4,4,,,,,4,4,,,,,,,,,,,,,,,,,,,,,,,,,5.35,0.196452,5.17,0.15808309,4,4
"Malhi et al., 2011","53бу25'N, 113бу33'W",,450,cropland,,50,19,1.238,0.22722252,1.24,0.2243532,4,4,,,,,,,50.39,5.3705662,49.4,6.6892046,4,4,4.405,0.90424959,4.33,0.99742416,4,4,,,,,,,,,,,,,,,,,,,,,,,,,6,,,,,
"Malhi et al., 2011","53бу25'N, 113бу33'W",,450,cropland,,100,19,1.238,0.22722252,1.74,0.3148182,4,4,,,,,,,50.39,5.3705662,51.35,6.95325215,4,4,4.405,0.90424959,4.5,1.036584,4,4,,,,,,,,,,,,,,,,,,,,,,,,,6,,,,,
"Malhi et al., 2011","53бу25'N, 113бу33'W",,450,cropland,,50,19,1.313,0.24098802,1.75,0.3166275,4,4,,,,,,,48.83,5.2043014,51.3,6.9464817,4,4,2.29,0.47008662,4.508,1.038426816,4,4,,,,,,,,,,,,,,,,,,,,,,,,,6,,,,,
"Malhi et al., 2011","53бу25'N, 113бу33'W",,450,cropland,,100,19,1.313,0.24098802,1.634,0.29563962,4,4,,,,,,,48.83,5.2043014,49.5,6.7027455,4,4,4.405,0.90424959,4.383,1.009632816,4,4,,,,,,,,,,,,,,,,,,,,,,,,,6,,,,,
"Malhi et al., 2011","53бу25'N, 113бу33'W",,450,cropland,,100,28,1.032,0.18941328,1.408,0.25474944,4,4,,,,,,,29.03,3.0940174,29.83,4.03925047,4,4,2.462,0.505394436,2.513,0.578874576,4,4,,,,,,,,,,,,,,,,,,,,,,,,,6,,,,,
"Malhi et al., 2011","53бу25'N, 113бу33'W",,450,cropland,,100,28,1.032,0.18941328,1.295,0.23430435,4,4,,,,,,,29.03,3.0940174,30.47,4.12591223,4,4,2.462,0.505394436,2.574,0.592926048,4,4,,,,,,,,,,,,,,,,,,,,,,,,,6,,,,,
"Malhi et al., 2011","53бу25'N, 113бу33'W",,450,cropland,,100,28,0.952,0.17473008,1.395,0.25239735,4,4,,,,,,,27.64,2.9458712,29.34,3.97290006,4,4,2.301,0.472344678,2.471,0.569199792,4,4,,,,,,,,,,,,,,,,,,,,,,,,,6,,,,,
"Malhi et al., 2011","53бу25'N, 113бу33'W",,450,cropland,,100,28,0.952,0.17473008,1.354,0.24497922,4,4,,,,,,,27.64,2.9458712,38.46,5.20783014,4,4,2.301,0.472344678,2.396,0.551923392,4,4,,,,,,,,,,,,,,,,,,,,,,,,,6,,,,,
"Mujuru et al., 2016","17бу39'13'S, 31бу48'30''W",20,875,cropland,NH4NO3,100,9,0.69,0.1266426,1.39,0.2514927,4,4,19.8,2.4493392,28.8,4.9081248,4,4,15.96,2.56,28.82,5.68,4,4,1.03,0.22,1.74,0.3,4,4,,,,,,,,,,,,,,,,,,,,,,,,,,,,,,
"Mujuru et al., 2016","17бу39'13'S, 31бу48'30''W",20,875,cropland,NH4NO3,100,9,0.76,0.1394904,0.91,0.1646463,4,4,16.1,1.9916344,24.6,4.1923566,4,4,19.68,2.56,24.85,4.54,4,4,1.18,0.2,1.5,0.28,4,4,,,,,,,,,,,,,,,,,,,,,,,,,,,,,,
"Mujuru et al., 2016","17бу39'13'S, 31бу48'30''W",20,875,cropland,NH4NO3,100,9,0.49,0.0899346,0.66,0.1194138,4,4,8.2,1.0143728,14,2.385894,4,4,8.24,2,14.11,5.1,4,4,0.61,0.12,0.84,0.24,4,4,,,,,,,,,,,,,,,,,,,,,,,,,,,,,,
"Mujuru et al., 2016","17бу39'13'S, 31бу48'30''W",20,875,cropland,NH4NO3,100,9,0.22,0.0403788,0.5,0.090465,4,4,3.6,0.4453344,9,1.533789,4,4,3.86,0.86,9.44,3.98,4,4,0.27,0.1,0.58,0.2,4,4,,,,,,,,,,,,,,,,,,,,,,,,,,,,,,
"Oliveira et al., 2017","16бу42'04''S, 39бу18'40''W",22.5,1634,forest,NH4NO3,25,3,0.993024939,0.182259797,1.268108488,0.229438869,5,5,14.39875389,1.781183452,16.79750779,2.862648075,5,5,,,,,,,,,,,,,,,,,,,,,,,,,,,,,,,,,,,,,4.5,,,,,
"Oliveira et al., 2017","16бу42'04''S, 39бу18'40''W",22.5,1634,forest,NH4NO3,50,3,0.993024939,0.182259797,1.209338907,0.218805688,5,5,14.39875389,1.781183452,14.71028037,2.506940692,5,5,,,,,,,,,,,,,,,,,,,,,,,,,,,,,,,,,,,,,4.5,,,,,
"Oliveira et al., 2017","16бу42'04''S, 39бу18'40''W",22.5,1634,forest,NH4NO3,100,3,0.993024939,0.182259797,3.327348878,0.602017233,5,5,14.39875389,1.781183452,13.21495327,2.252105551,5,5,,,,,,,,,,,,,,,,,,,,,,,,,,,,,,,,,,,,,4.5,,,,,
"Oliveira et al., 2017","16бу13'17''S, 39бу44'31''W",22.5,1370,forest,NH4NO3,25,3,1.680886211,0.308509855,1.652520601,0.298990552,5,5,20.94080997,2.590461956,19.6635514,3.351082093,5,5,,,,,,,,,,,,,,,,,,,,,,,,,,,,,,,,,,,,,4.5,,,,,
"Oliveira et al., 2017","16бу13'17''S, 39бу44'31''W",22.5,1370,forest,NH4NO3,50,3,1.680886211,0.308509855,1.654463712,0.299342119,5,5,20.94080997,2.590461956,20.00623053,3.409481813,5,5,,,,,,,,,,,,,,,,,,,,,,,,,,,,,,,,,,,,,4.5,,,,,
"Oliveira et al., 2017","16бу13'17''S, 39бу44'31''W",22.5,1370,forest,NH4NO3,100,3,1.680886211,0.308509855,1.951664435,0.353114646,5,5,20.94080997,2.590461956,19.53894081,3.329845832,5,5,,,,,,,,,,,,,,,,,,,,,,,,,,,,,,,,,,,,,4.5,,,,,
"Pareja-Sивnchez et al., 2020","41бу48'N, 1бу07'E ",14.1,401,cropland,(NH4)2SO4+NH4NO3,60,18,20483,1621,22377,1335,3,3,19974,3230,21270,3472,3,3,,,,,,,,,,,,,,,,,,,,,,,,,,,,,,,,,,,,,8.5,,,,,
"Pareja-Sивnchez et al., 2020","41бу48'N, 1бу07'E ",14.1,401,cropland,(NH4)2SO4+NH4NO3,120,18,20483,1621,25166,19066,3,3,19974,3230,19066,3120,3,3,,,,,,,,,,,,,,,,,,,,,,,,,,,,,,,,,,,,,8.5,,,,,
"Pareja-Sивnchez et al., 2020","41бу48'N, 1бу07'E ",14.1,401,cropland,urea+NH4NO3,200,2,19165,6923,20773,3248,3,3,23102,3395,24345,4063,3,3,,,,,,,,,,,,,,,,,,,,,,,,,,,,,,,,,,,,,8.5,,,,,
"Pareja-Sивnchez et al., 2020","41бу48'N, 1бу07'E ",14.1,401,cropland,urea+NH4NO3,400,2,19165,6923,24136,5365,3,3,23102,3395,22825,3167,3,3,,,,,,,,,,,,,,,,,,,,,,,,,,,,,,,,,,,,,8.5,,,,,
"Purakayastha et al., 2008","28бу37'N, 77бу11'E ",22.5,750,cropland,urea,260,32,3.74,0.240416306,4.3,0.339411255,2,2,,,,,,,46.8,2.687005769,49.55,3.464823228,2,2,,,,,,,,,,,,,,,,,,,,,,,,,,,,,,,,,,,,
"Qi et al., 2015(In Chinese)","42бу26'44''N, 115бу29'10''E ",1.5,295,grassland,NaCO3,20,<1,4.792951542,0.986784141,5.568281938,0.563876652,3,3,12.48712313,1.441758242,15.52287029,0.527622805,3,3,17.88,1.69,20.38,1.08,3,3,,,,,,,,,,,,,,,,,,,,,,,,,,,,,,,7.53,0.1,7.5,0.04,3,3
"Qi et al., 2015(In Chinese)","42бу26'44''N, 115бу29'10''E ",1.5,295,grassland,NaCO3,50,<1,4.792951542,0.986784141,5.215859031,0.211453744,3,3,12.48712313,1.441758242,13.74133559,0.668131868,3,3,17.88,1.69,19.5,0.45,3,3,,,,,,,,,,,,,,,,,,,,,,,,,,,,,,,7.53,0.1,7.51,0.04,3,3
"Qi et al., 2015(In Chinese)","42бу26'44''N, 115бу29'10''E ",1.5,295,grassland,NaCO3,100,<1,4.792951542,0.986784141,4.088105727,0.281938326,3,3,12.48712313,1.441758242,13.47203907,0.492007138,3,3,17.88,1.69,17.99,1.36,3,3,,,,,,,,,,,,,,,,,,,,,,,,,,,,,,,7.53,0.1,7.63,0.13,3,3
"Qi et al., 2015(In Chinese)","42бу26'44''N, 115бу29'10''E ",1.5,295,grassland,NaCO3,250,<1,4.792951542,0.986784141,3.911894273,0.352422907,3,3,12.48712313,1.441758242,14.36258101,0.633267587,3,3,17.88,1.69,17.66,0.77,3,3,,,,,,,,,,,,,,,,,,,,,,,,,,,,,,,7.53,0.1,7.93,0.11,3,3
"Qi et al., 2015(In Chinese)","42бу26'44''N, 115бу29'10''E ",1.5,295,grassland,NaCO3,500,<1,4.792951542,0.986784141,3.982378855,0.740088106,3,3,12.48712313,1.441758242,13.77680098,0.316483516,3,3,17.88,1.69,17.56,2.34,3,3,,,,,,,,,,,,,,,,,,,,,,,,,,,,,,,7.53,0.1,7.94,0.17,3,3
"Qi et al., 2015(In Chinese)","42бу26'44''N, 115бу29'10''E ",1.5,295,grassland,NaCO3,20,<1,4.828193833,0.070484581,5.392070485,0.352422907,3,3,12.42130178,1.09010989,14.64870856,0.351498075,3,3,17,0.67,19.9,0.46,3,3,,,,,,,,,,,,,,,,,,,,,,,,,,,,,,,7.51,0.09,7.59,0.05,3,3
"Qi et al., 2015(In Chinese)","42бу26'44''N, 115бу29'10''E ",1.5,295,grassland,NaCO3,50,<1,4.828193833,0.070484581,5.286343612,0.176211454,3,3,12.42130178,1.09010989,14.16782192,0.492608246,3,3,17,0.67,19,1.01,3,3,,,,,,,,,,,,,,,,,,,,,,,,,,,,,,,7.51,0.09,7.54,0.08,3,3
"Qi et al., 2015(In Chinese)","42бу26'44''N, 115бу29'10''E ",1.5,295,grassland,NaCO3,100,<1,4.828193833,0.070484581,4.440528634,0.211453744,3,3,12.42130178,1.09010989,12.21061332,0.210838734,3,3,17,0.67,17.78,1.2,3,3,,,,,,,,,,,,,,,,,,,,,,,,,,,,,,,7.51,0.09,7.69,0.01,3,3
"Qi et al., 2015(In Chinese)","42бу26'44''N, 115бу29'10''E ",1.5,295,grassland,NaCO3,250,<1,4.828193833,0.070484581,4.863436123,0.070484581,3,3,12.42130178,1.09010989,12.64446323,0.597802198,3,3,17,0.67,17.76,0.52,3,3,,,,,,,,,,,,,,,,,,,,,,,,,,,,,,,7.51,0.09,7.63,0.13,3,3
"Qi et al., 2015(In Chinese)","42бу26'44''N, 115бу29'10''E ",1.5,295,grassland,NaCO3,500,<1,4.828193833,0.070484581,4.158590308,0.105726872,3,3,12.42130178,1.09010989,14.16812248,1.371729126,3,3,17,0.67,17.02,2.65,3,3,,,,,,,,,,,,,,,,,,,,,,,,,,,,,,,7.51,0.09,7.72,0.26,3,3
"Qiao et al., 2018(In Chinese)","31бу11'N, 102бу35'E ",9,800,forest,urea,60,1,1.32,0.16,1.65,0.28,3,3,,,,,,,12.56,1.59,13.19,2.04,3,3,0.98,0.09,1.13,0.13,3,3,,,,,,,,,,,,,6.98,1.02,7.49,1.58,3,3,69.85,6.58,92.04,9.25,3,3,7.02,0.08,7.01,0.06,,
"Qiao et al., 2018(In Chinese)","31бу11'N, 102бу35'E ",9,800,forest,urea,120,1,1.32,0.16,1.98,0.15,3,3,,,,,,,12.56,1.59,15.49,1.87,3,3,0.98,0.09,1.38,0.25,3,3,,,,,,,,,,,,,6.98,1.02,10.45,2.14,3,3,69.85,6.58,123.45,8.14,3,3,7.02,0.08,6.74,0.06,,
"Qiao et al., 2018(In Chinese)","31бу11'N, 102бу35'E ",9,800,forest,urea,240,1,1.32,0.16,2.23,0.24,3,3,,,,,,,12.56,1.59,16.78,1.89,3,3,0.98,0.09,1.67,0.14,3,3,,,,,,,,,,,,,6.98,1.02,12.56,2.47,3,3,69.85,6.58,197.46,7.23,3,3,7.02,0.08,6.58,0.09,,
"Rodriguez et al., 2014","42бу07'N, 74бу15'W ",4.3,153,forest,NH4NO3,50,13,4.6625,0.223343346,8.415,0.435459527,6,6,25.9844,3.556800576,37.0662,8.508602212,6,6,33.3,7.84,46,4.41,6,6,2.8,3.9,0.98,2.695,6,6,,,,,,,,,,,,,,,,,,,,,,,,,,,,,,
"Rodriguez et al., 2014","42бу07'N, 74бу15'W ",4.3,153,forest,NH4NO3,50,13,9.0761,0.306553916,9.061,0.280666531,6,6,26.0148,5.476800095,25.1346,6.161400764,6,6,41.7,17.64,36.1,17.885,6,6,2.3,2,0.98,0.98,6,6,,,,,,,,,,,,,,,,,,,,,,,,,,,,,,
"Rodriguez et al., 2014","42бу07'N, 74бу15'W ",4.3,153,forest,NH4NO3,50,13,5.6942,0.170215159,7.9928,0.279797517,6,6,32.1436,3.648200564,37.8873,3.230701453,6,6,37.1,10.78,45.4,7.105,6,6,2.4,2.6,0.49,0.245,6,6,,,,,,,,,,,,,,,,,,,,,,,,,,,,,,
"Rodriguez et al., 2014","42бу07'N, 74бу15'W ",4.3,153,forest,NH4NO3,50,13,7.2558,0.309763107,8.7862,0.680164449,4,4,21.1345,3.735400554,24.45,11.54040548,4,4,32,7.2,34,27.6,4,4,1.8,1.9,0.4,1.4,4,4,,,,,,,,,,,,,,,,,,,,,,,,,,,,,,
"Rodriguez et al., 2014","42бу07'N, 74бу15'W ",4.3,153,forest,NH4NO3,50,13,6.3525,0.18074151,7.5463,0.158898974,6,6,37.392,3.4440006,34.6293,3.335400623,6,6,43.9,5.635,42.7,7.105,6,6,2.9,2.7,0.735,0.49,6,6,,,,,,,,,,,,,,,,,,,,,,,,,,,,,,
"Russell et al., 2005",Iowa State University,,,cropland,urea,180,17,4.693333333,0.604345376,4.79,0.531130869,3,3,,,,,,,35.16666667,3.800438571,36.56666667,3.262412195,3,3,,,,,,,,,,,,,,,,,,,,,,,,,,,,,,,,,,,,
"Sainju et al., 2003",Georgia,,,cropland,NaNO3,90,5,3.1,0.568974,2.9,0.524697,4,4,,,,,,,15.4,1.641332,15.2,2.0582168,4,4,0.947,0.194398266,0.95,0.2188344,4,4,,,,,,,,,,,,,,,,,,,1298,177.109504,1216,171.615296,4,4,6,,,,,
"Sainju et al., 2003",Georgia,,,cropland,NaNO3,180,5,3.1,0.568974,3.3,0.597069,4,4,,,,,,,15.4,1.641332,14.7,1.9905123,4,4,0.947,0.194398266,0.972,0.223902144,4,4,,,,,,,,,,,,,,,,,,,1298,177.109504,1424,200.970544,4,4,6,,,,,
"Sarma and Nirmali, 2017",Tezpur University,,,cropland,urea,80,1,3.49,0.29,4.78,0.19,3,3,,,,,,,13.58,0.29,14.52,0.04,3,3,,,,,,,,,,,,,,,,,,,,,,,,,146,3.05,159.67,1.67,3,3,5.66,0,5.64,0,,
"Sarma and Nirmali, 2017",Tezpur University,,,cropland,urea,100,1,3.49,0.29,4.9,0.61,3,3,,,,,,,13.58,0.29,14.54,0.09,3,3,,,,,,,,,,,,,,,,,,,,,,,,,146,3.05,165.33,1.67,3,3,5.66,0,5.63,0,,
"Sarma and Nirmali, 2017",Tezpur University,,,cropland,urea,72,1,3.49,0.29,4.41,0.49,3,3,,,,,,,13.58,0.29,14.42,0.17,3,3,,,,,,,,,,,,,,,,,,,,,,,,,146,3.05,180.67,2.4,3,3,5.66,0,5.65,0,,
"Sarma and Nirmali, 2017",Tezpur University,,,cropland,urea,60,1,3.49,0.29,3.82,0.51,3,3,,,,,,,13.58,0.29,14.13,0.09,3,3,,,,,,,,,,,,,,,,,,,,,,,,,146,3.05,144.33,1.85,3,3,5.66,0,5.64,0,,
"Sarma and Nirmali, 2017",Tezpur University,,,cropland,urea,40,1,3.49,0.29,3.23,0.78,3,3,,,,,,,13.58,0.29,13.92,0.1,3,3,,,,,,,,,,,,,,,,,,,,,,,,,146,3.05,145,3,3,3,5.66,0,5.66,0,,
"Sarma and Nirmali, 2017",Tezpur University,,,cropland,urea,80,2,3.57,0.18,5.28,0.11,3,3,,,,,,,13.23,0.17,16.6,0.12,3,3,,,,,,,,,,,,,,,,,,,,,,,,,140.67,6.86,173,7.03,3,3,5.67,0,5.61,0,,
"Sarma and Nirmali, 2017",Tezpur University,,,cropland,urea,100,2,3.57,0.18,5.39,0.1,3,3,,,,,,,13.23,0.17,14.69,0.16,3,3,,,,,,,,,,,,,,,,,,,,,,,,,140.67,6.86,198,1.73,3,3,5.67,0,5.6,0,,
"Sarma and Nirmali, 2017",Tezpur University,,,cropland,urea,72,2,3.57,0.18,4.69,0.26,3,3,,,,,,,13.23,0.17,14.52,0.17,3,3,,,,,,,,,,,,,,,,,,,,,,,,,140.67,6.86,200.33,5.61,3,3,5.67,0,5.63,0,,
"Sarma and Nirmali, 2017",Tezpur University,,,cropland,urea,60,2,3.57,0.18,4.26,0.09,3,3,,,,,,,13.23,0.17,14.31,0.07,3,3,,,,,,,,,,,,,,,,,,,,,,,,,140.67,6.86,172,2.64,3,3,5.67,0,5.64,0,,
"Sarma and Nirmali, 2017",Tezpur University,,,cropland,urea,40,2,3.57,0.18,3.69,0.1,3,3,,,,,,,13.23,0.17,14.06,0.45,3,3,,,,,,,,,,,,,,,,,,,,,,,,,140.67,6.86,163,3.21,3,3,5.67,0,5.65,0,,
"Shahbaz et al., 2017","48бу11'N, 9бу13'W",8.4,868,cropland,,200,32,0.74,0.077457395,0.84,0.071412189,3,3,7.22,0.3464,6.93,0.05196,3,3,9.65,0.65816,9.88,0.46764,3,3,,,,,,,,,,,,,,,,,,,,,,,,,,,,,,,6.4,,,,,
"Shahbaz et al., 2017","48бу11'N, 9бу13'W",8.4,868,cropland,,280,32,0.74,0.077457395,0.87,0.088315018,3,3,7.22,0.3464,6.55,0.55424,3,3,9.65,0.65816,9.76,0.67548,3,3,,,,,,,,,,,,,,,,,,,,,,,,,,,,,,,6.4,,,,,
"Shang et al., 2020(In Chinese)","23бу46'18''N, 101бу16'06''E",19.6,1050,forest,NH4NO3,50,1,34.50400804,0.940439051,41.04204274,1.410658576,3,3,,,,,,,53.65047319,2.0784,61.69085174,1.3856,3,3,,,,,,,,,,,,,,,,,,,10.23617464,3.119760499,17.46860707,2.0784,3,3,,,,,,,5.37,,,,,
"Shang et al., 2020(In Chinese)","23бу46'18''N, 101бу16'06''E",19.6,1050,forest,NH4NO3,150,1,34.50400804,0.940439051,39.97923345,0.940439051,3,3,,,,,,,53.65047319,2.0784,60.93291272,1.388513985,3,3,,,,,,,,,,,,,,,,,,,10.23617464,3.119760499,34.9022869,4.154639501,3,3,,,,,,,5.37,,,,,
"Shang et al., 2020(In Chinese)","23бу46'18''N, 101бу16'06''E",19.6,1050,forest,NH4NO3,300,1,34.50400804,0.940439051,55.74704815,1.410658576,3,3,,,,,,,53.65047319,2.0784,85.37665615,2.0784,3,3,,,,,,,,,,,,,,,,,,,10.23617464,3.119760499,40.33222453,3.1176,3,3,,,,,,,5.37,,,,,
"Shang et al., 2020(In Chinese)","23бу46'18''N, 101бу16'06''E",19.6,1050,forest,NH4NO3,50,1,30.93978176,0.940439051,41.00460579,0.941923954,3,3,,,,,,,40.51314406,2.0784,55.75352261,1.3856,3,3,,,,,,,,,,,,,,,,,,,42.38045738,3.1176,19.01164241,3.1176,3,3,,,,,,,4.99,,,,,
"Shang et al., 2020(In Chinese)","23бу46'18''N, 101бу16'06''E",19.6,1050,forest,NH4NO3,150,1,30.93978176,0.940439051,37.22690316,1.410658576,3,3,,,,,,,40.51314406,2.0784,53.39726604,2.7712,3,3,,,,,,,,,,,,,,,,,,,42.38045738,3.1176,55.64282744,2.0784,3,3,,,,,,,4.99,,,,,
"Shang et al., 2020(In Chinese)","23бу46'18''N, 101бу16'06''E",19.6,1050,forest,NH4NO3,300,1,30.93978176,0.940439051,50.00662053,0.941923954,3,3,,,,,,,40.51314406,2.0784,61.83932702,0.695713985,3,3,,,,,,,,,,,,,,,,,,,42.38045738,3.1176,22.07276507,2.0784,3,3,,,,,,,4.99,,,,,
"Shang et al., 2020(In Chinese)","23бу46'18''N, 101бу16'06''E",19.6,1050,forest,NH4NO3,50,1,30.63085548,0.938954147,19.24973685,1.410658576,3,3,,,,,,,48.57917981,0.6928,38.6212408,0.6928,3,3,,,,,,,,,,,,,,,,,,,36.72598753,2.080560499,65.55841996,3.1176,3,3,,,,,,,5.76,,,,,
"Shang et al., 2020(In Chinese)","23бу46'18''N, 101бу16'06''E",19.6,1050,forest,NH4NO3,150,1,30.63085548,0.938954147,22.52989955,0.938954147,3,3,,,,,,,48.57917981,0.6928,32.66161935,1.3856,3,3,,,,,,,,,,,,,,,,,,,36.72598753,2.080560499,34.98960499,3.119760499,3,3,,,,,,,5.76,,,,,
"Shang et al., 2020(In Chinese)","23бу46'18''N, 101бу16'06''E",19.6,1050,forest,NH4NO3,300,1,30.63085548,0.938954147,29.33770892,1.882363005,3,3,,,,,,,48.57917981,0.6928,35.90536278,2.075486015,3,3,,,,,,,,,,,,,,,,,,,36.72598753,2.080560499,23.62203742,2.0784,3,3,,,,,,,5.76,,,,,
"Shang et al., 2020(In Chinese)","23бу46'18''N, 101бу16'06''E",19.6,1050,forest,NH4NO3,50,1,22.72194253,1.410658576,33.6020919,1.880878101,3,3,,,,,,,29.84185068,2.081313985,44.28391167,2.0784,3,3,,,,,,,,,,,,,,,,,,,99.47027027,2.080560499,47.9014553,2.0784,3,3,,,,,,,5.52,,,,,
"Shang et al., 2020(In Chinese)","23бу46'18''N, 101бу16'06''E",19.6,1050,forest,NH4NO3,150,1,22.72194253,1.410658576,34.98097193,1.410658576,3,3,,,,,,,29.84185068,2.081313985,41.5276551,1.3856,3,3,,,,,,,,,,,,,,,,,,,99.47027027,2.080560499,65.93388773,4.158960499,3,3,,,,,,,5.52,,,,,
"Shang et al., 2020(In Chinese)","23бу46'18''N, 101бу16'06''E",19.6,1050,forest,NH4NO3,300,1,22.72194253,1.410658576,27.12921463,1.410658576,3,3,,,,,,,29.84185068,2.081313985,32.77308097,2.075486015,3,3,,,,,,,,,,,,,,,,,,,99.47027027,2.080560499,89.36632017,3.1176,3,3,,,,,,,5.52,,,,,
"Singh et al., 2014","47бу28'40''N, 8бу21'55''E",8.4,930,forest,NH4NO3,60,1,10.74,0.48496,11.07,0.22516,3,3,23.28,3.464,23.28,5.196,3,3,36,6.928,36,3.464,3,3,2,0.3464,3,0.1732,3,3,,,,,,,,,,,,,,,,,,,,,,,,,5.9,,,,,
"Somasundaram et al., 2017","28бу12'S, 152бу06'E ",17.5,685,cropland,urea,90,47,2.67,0.4900518,2.85,0.5156505,4,4,16.31,2.01761224,16.88,2.87670648,4,4,18.8,0.6,19.3,2,4,4,1.2,0,1.4,0.14,4,4,,,,,,,,,,,,,,,,,,,,,,,,,,,,,,
"Somasundaram et al., 2017","28бу12'S, 152бу06'E ",17.5,685,cropland,urea,90,47,2.06,0.3780924,2.58,0.4667994,4,4,15.63,1.93349352,17.27,2.94317067,4,4,18.5,1.2,19.6,1.2,4,4,1.3,0.06,1.4,0.12,4,4,,,,,,,,,,,,,,,,,,,,,,,,,,,,,,
"Somasundaram et al., 2017","28бу12'S, 152бу06'E ",17.5,685,cropland,urea,90,47,2.42,0.4441668,2.79,0.5047947,4,4,15.68,1.93967872,16.85,2.87159385,4,4,18.8,1,19.4,1,4,4,1.3,0.06,1.4,0.06,4,4,,,,,,,,,,,,,,,,,,,,,,,,,,,,,,
"Somasundaram et al., 2017","28бу12'S, 152бу06'E ",17.5,685,cropland,urea,90,47,2.33,0.4276482,2.98,0.5391714,4,4,16.4,2.0287456,18.06,3.07780326,4,4,18.9,1.4,21.2,1.4,4,4,1.3,0.01,1.6,0.14,4,4,,,,,,,,,,,,,,,,,,,,,,,,,,,,,,
"Song et al., 2014","42бу02'N, 116бу17'E ",2.1,382.3,grassland,urea,20,8,2.840542123,0.668076848,3.210825734,0.507838365,8,8,14.85576923,4.233930464,15.93508002,3.984566708,8,8,21.80502104,5.969828525,20.8522825,3.60696744,8,8,2.453947368,0.423308104,2.207236842,0.260596083,8,8,,,,,,,,,,,,,51.23355263,7.156833008,50.20559211,10.0144853,8,8,484.1463415,80.52105743,423.5772358,74.99619926,8,8,6.712037037,0.068290943,6.675491021,0.121085961,8,8
"Song et al., 2014","42бу02'N, 116бу17'E ",2.1,382.3,grassland,urea,40,8,2.840542123,0.668076848,3.142725676,0.372065277,8,8,14.85576923,4.233930464,16.53406158,3.635901522,8,8,21.80502104,5.969828525,21.03610316,4.345035962,8,8,2.453947368,0.423308104,2.273026316,0.318948924,8,8,,,,,,,,,,,,,51.23355263,7.156833008,50.53453947,5.341688275,8,8,484.1463415,80.52105743,388.1097561,93.04383701,8,8,6.712037037,0.068290943,6.563171062,0.135657036,8,8
"Song et al., 2014","42бу02'N, 116бу17'E ",2.1,382.3,grassland,urea,80,8,2.840542123,0.668076848,3.514985778,0.67116993,8,8,14.85576923,4.233930464,17.2290112,5.296057596,8,8,21.80502104,5.969828525,22.84575883,2.582190919,8,8,2.453947368,0.423308104,2.332236842,0.506009021,8,8,,,,,,,,,,,,,51.23355263,7.156833008,52.71381579,18.73206008,8,8,484.1463415,80.52105743,309.1463415,81.06906575,8,8,6.712037037,0.068290943,6.354664703,0.173083707,8,8
"Song et al., 2014","42бу02'N, 116бу17'E ",2.1,382.3,grassland,urea,160,8,2.840542123,0.668076848,3.769597591,0.801754827,8,8,14.85576923,4.233930464,14.79475642,2.496797587,8,8,21.80502104,5.969828525,21.17572863,3.150233695,8,8,2.453947368,0.423308104,2.467105263,0.192932609,8,8,,,,,,,,,,,,,51.23355263,7.156833008,60.03289474,11.81596949,8,8,484.1463415,80.52105743,227.5261324,49.66104195,8,8,6.712037037,0.068290943,6.056006828,0.312825492,8,8
"Song et al., 2014","42бу02'N, 116бу17'E ",2.1,382.3,grassland,urea,320,8,2.840542123,0.668076848,3.546735129,0.679714781,8,8,14.85576923,4.233930464,13.35670202,2.063113252,8,8,21.80502104,5.969828525,19.97835218,2.104363106,8,8,2.453947368,0.423308104,2.338815789,0.222876509,8,8,,,,,,,,,,,,,51.23355263,7.156833008,77.75493421,6.178952882,8,8,484.1463415,80.52105743,166.2020906,61.50064319,8,8,6.712037037,0.068290943,5.563802376,0.137610395,8,8
"Sun et al., 2018(In Chinese)","35бу30'N, 107бу29'E",8.3,500,cropland,urea,120,<1,1.991847826,0.159221508,2.1875,0.117308244,3,3,,,,,,,9.01232144,0.277314136,9.182626234,0.254282236,3,3,,,,,,,,,,,,,,,,,,,,,,,,,,,,,,,7.4,,,,,
"Sun et al., 2018(In Chinese)","35бу30'N, 107бу29'E",8.3,500,cropland,urea,240,<1,1.991847826,0.159221508,2.423913043,0.287005925,3,3,,,,,,,9.01232144,0.277314136,9.383749502,0.337744899,3,3,,,,,,,,,,,,,,,,,,,,,,,,,,,,,,,7.4,,,,,
"Swanston et al., 2004","45.96буN, 123.31буW",,,forest,urea,56-70,16,47.1961,18.75,42.3158,19.62,7,7,32.0364,13.444,31.7408,11.78,7,7,84.9,19.875,83.9,19.875,7,7,5.5,1.06,6.4,1.325,7,7,,,,,,,,,,,,,,,,,,,,,,,,,,,,,,
"Tian et al., 2013","30бу25'N, 104бу36'E",17.7,883,cropland,urea,150,7,3.31,0.24248,3.06,0.13856,3,3,,,,,,,17.2,0.41568,17.1,0.1732,3,3,1.95,0.03464,2.02,0.01732,3,3,,,,,,,,,,,,,54.7,7.32636,43.1,2.14768,3,3,390.1644581,20.3286385,374.3506403,8.131455399,3,3,7.2,,,,,
"Tian et al., 2013","30бу25'N, 104бу36'E",17.7,883,cropland,urea,225,7,3.31,0.24248,2.52,0.01732,3,3,,,,,,,17.2,0.74476,17.5,0.03464,3,3,1.95,0.03464,1.97,0.01732,3,3,,,,,,,,,,,,,54.7,7.32636,40.8,5.73292,3,3,390.1644581,20.3286385,370.2669667,32.51379282,3,3,7.2,,,,,
"Tian et al., 2013","30бу25'N, 104бу36'E",17.7,883,cropland,urea,150,7,4.12,0.48496,4.39,0.1732,3,3,,,,,,,17.1,0.74476,19.2,0.12124,3,3,1.95,0.03464,2.15,0.06928,3,3,,,,,,,,,,,,,74.1,4.19144,70.2,6.97996,3,3,336.2849682,24.40639498,346.2996916,12.18515432,3,3,7.2,,,,,
"Tian et al., 2013","30бу25'N, 104бу36'E",17.7,883,cropland,urea,225,7,4.12,0.48496,4.08,0.2598,3,3,,,,,,,17.1,0.74476,20.7,1.4722,3,3,1.95,0.03464,2.22,0.0866,3,3,,,,,,,,,,,,,74.1,4.19144,57.1,1.1258,3,3,336.2849682,24.40639498,372.7324499,16.2629108,3,3,7.2,,,,,
"Tian et al., 2013","30бу25'N, 104бу36'E",17.7,883,cropland,urea,150,7,5.45,0.98724,4.1,0.65816,3,3,,,,,,,20.4,0.29444,21.1,0.27712,3,3,2.28,0.15588,2.28,0.12124,3,3,,,,,,,,,,,,,84.2,9.45672,61.2,5.38652,3,3,486.6586104,12.1971831,456.7463955,8.131455399,3,3,7.2,,,,,
"Tian et al., 2013","30бу25'N, 104бу36'E",17.7,883,cropland,urea,225,7,5.45,0.98724,4.05,0.3464,3,3,,,,,,,20.4,0.29444,20.8,0.46764,3,3,2.28,0.15588,2.35,0.1732,3,3,,,,,,,,,,,,,84.2,9.45672,51.8,3.9836,3,3,486.6586104,12.1971831,450.3222491,4.0657277,3,3,7.2,,,,,
"Xi etal., 2021(In Chinese)","26бу30'47''N, 117бу43'29''E",19.6,1628,forest,NH4NO3,25,6,3.6,0.35,4.52,0.67,4,4,,,,,,,23.63,2.03,20.36,1.76,4,4,,,,,,,,,,,,,,,,,,,220.81,36.2,171.65,29.69,,,607.75,58.92,508.53,24.8,4,4,4.5,,,,,
"Xu et al., 2020(In Chinese)","49бу6'N, 119бу32'E ",-2.4,320,grassland,urea,150,3,8.273586552,2.011842063,10.49719779,0.888704591,4,4,14.46153846,4.923076923,11.48717949,1.435897436,4,4,21.6,3,20.2,1.4,4,4,2.1,0.2,2,0.2,4,4,4.6,0.8,6.1,1.6,4,4,27,5.2,52.9,13.8,4,4,,,,,,,25.1,3.4,21.7,5.4,4,4,7,0.8,7.1,0.8,4,4
"Xu et al., 2020(In Chinese)","49бу6'N, 119бу32'E ",-2.4,320,grassland,urea,150,3,8.903054363,2.686958622,9.338168751,2.950709216,4,4,12.1025641,3.282051282,11.79487179,3.076923077,4,4,20.6,0.2,21.4,1,4,4,2.1,0.1,2.2,0.1,4,4,4.7,1.6,6.4,1.8,4,4,28.6,4.4,81.3,38.8,4,4,,,,,,,23.9,5.2,22.8,4.6,4,4,7.2,0.4,6.6,0.4,4,4
"Xu et al., 2020(In Chinese)","49бу6'N, 119бу32'E ",-2.4,320,grassland,urea,150,3,10.71709149,3.207357535,12.83526726,2.306314366,4,4,10.87179487,2.051282051,6.769230769,2.666666667,4,4,21.6,2.4,21.8,2.8,4,4,2.1,0.2,2.2,0.2,4,4,5.6,2,6,3.4,4,4,29.9,6,72.3,15.6,4,4,,,,,,,22.1,2.2,25.9,3.2,4,4,6.8,0.4,6.8,0.6,4,4
"Yang et al., 2018","45бу21'N, 127бу30'E ",2.8,700,forest,NH4NO3,100,9,9.897959184,2.827755102,8.571428571,2.474285714,3,3,60.63694268,7.106038217,66.24203822,6.217783439,3,3,80.84745763,10.56813559,85.42372881,11.88915254,3,3,7.23566879,0.794292994,7.286624204,0.970802548,3,3,,,,,,,,,,,,,,,,,,,931.5789474,259.8,497.3684211,68.36842105,3,3,,,,,,
"Yang et al., 2018","45бу21'N, 127бу30'E ",2.8,700,forest,NH4NO3,100,9,3.87755102,1.590612245,2.959183673,1.944081633,3,3,39.23566879,11.5473121,37.70700637,11.5473121,3,3,48.05084746,14.53118644,46.52542373,15.85220339,3,3,4.993630573,1.147312102,4.585987261,1.412076433,3,3,,,,,,,,,,,,,,,,,,,489.4736842,136.7368421,347.3684211,109.3894737,3,3,,,,,,
"Yanni et al., 2016","49бу42'N, 112бу50'W",5.9,380,cropland,NH4NO3,60,21,2,0.36708,2.7,0.488511,3,3,,,,,,,51.7,5.510186,51.6,6.9871044,3,3,4.57,0.93812046,4.55,1.0481016,3,3,,,,,,,,,,,,,,,,,,,,,,,,,,,,,,
"Yanni et al., 2016","49бу42'N, 112бу50'W",5.9,380,cropland,NH4NO3,60,21,1.1,0.201894,1.9,0.343767,3,3,,,,,,,46.1,4.913338,47.4,6.4183866,3,3,4.29,0.88064262,4.38,1.00894176,3,3,,,,,,,,,,,,,,,,,,,,,,,,,,,,,,
"Yanni et al., 2016","49бу42'N, 112бу50'W",5.9,380,cropland,NH4NO3,60,21,0.9,0.165186,1.5,0.271395,3,3,,,,,,,44.7,4.764126,44,5.957996,3,3,3.88,0.79647864,3.84,0.88455168,3,3,,,,,,,,,,,,,,,,,,,,,,,,,,,,,,
"Yanni et al., 2016","49бу42'N, 112бу50'W",5.9,380,cropland,NH4NO3,60,21,1.1,0.201894,1.2,0.217116,3,3,,,,,,,35.8,3.815564,34.3,4.6445287,3,3,3.3,0.6774174,3.2,0.7371264,3,3,,,,,,,,,,,,,,,,,,,,,,,,,,,,,,
"Yanni et al., 2016","49бу42'N, 112бу50'W",5.9,380,cropland,NH4NO3,60,21,10.6,1.945524,10.9,1.972137,3,3,,,,,,,35.8,3.815564,37,5.010133,3,3,2.78,0.57067284,2.85,0.6565032,3,3,,,,,,,,,,,,,,,,,,,,,,,,,,,,,,
"Yanni et al., 2016","49бу42'N, 112бу50'W",5.9,380,cropland,NH4NO3,60,21,0.8,0.146832,0.9,0.162837,3,3,,,,,,,33.9,3.613062,33.7,4.5632833,3,3,3.27,0.67125906,3.27,0.75325104,3,3,,,,,,,,,,,,,,,,,,,,,,,,,,,,,,
"Yanni et al., 2016","49бу42'N, 112бу50'W",5.9,380,cropland,NH4NO3,60,21,1.4,0.256956,1.6,0.289488,3,3,,,,,,,26.3,2.803054,27.3,3.6966657,3,3,2.85,0.5850423,2.9,0.6680208,3,3,,,,,,,,,,,,,,,,,,,,,,,,,,,,,,
"Yanni et al., 2016","49бу42'N, 112бу50'W",5.9,380,cropland,NH4NO3,60,21,0.5,0.09177,0.7,0.126651,3,3,,,,,,,29.4,3.133452,25.3,3.4258477,3,3,3.07,0.63020346,2.59,0.59661168,3,3,,,,,,,,,,,,,,,,,,,,,,,,,,,,,,
"Yanni et al., 2016","49бу42'N, 112бу50'W",5.9,380,cropland,NH4NO3,60,21,0.9,0.165186,0.9,0.162837,3,3,,,,,,,29.8,3.176084,30.9,4.1841381,3,3,2.82,0.57888396,2.96,0.68184192,3,3,,,,,,,,,,,,,,,,,,,,,,,,,,,,,,
"Yanni et al., 2016","49бу42'N, 112бу50'W",5.9,380,cropland,NH4NO3,60,21,1.2,0.220248,1.5,0.271395,3,3,,,,,,,22,2.34476,22.8,3.0873252,3,3,2.11,0.43313658,2.2,0.5067744,3,3,,,,,,,,,,,,,,,,,,,,,,,,,,,,,,
"Yanni et al., 2016","49бу42'N, 112бу50'W",5.9,380,cropland,NH4NO3,60,21,4,0.73416,3.6,0.651348,3,3,,,,,,,22.2,2.366076,22.7,3.0737843,3,3,1.95,0.4002921,2.05,0.4722216,3,3,,,,,,,,,,,,,,,,,,,,,,,,,,,,,,
"Yanni et al., 2016","49бу42'N, 112бу50'W",5.9,380,cropland,NH4NO3,60,21,0.4,0.073416,0.4,0.072372,3,3,,,,,,,21,2.23818,21.7,2.9383753,3,3,2.18,0.44750604,2.26,0.52059552,3,3,,,,,,,,,,,,,,,,,,,,,,,,,,,,,,
"Yanni et al., 2016","49бу42'N, 112бу50'W",5.9,380,cropland,NH4NO3,60,21,0.7,0.128478,0.8,0.144744,3,3,,,,,,,19.1,2.035678,19.5,2.6404755,3,3,2.12,0.43518936,2.18,0.50216736,3,3,,,,,,,,,,,,,,,,,,,,,,,,,,,,,,
"Yanni et al., 2016","49бу42'N, 112бу50'W",5.9,380,cropland,NH4NO3,60,21,0.8,0.146832,0.8,0.144744,3,3,,,,,,,17.7,1.886466,18.5,2.5050665,3,3,1.95,0.4002921,2.01,0.46300752,3,3,,,,,,,,,,,,,,,,,,,,,,,,,,,,,,
"Yanni et al., 2016","49бу42'N, 112бу50'W",5.9,380,cropland,NH4NO3,60,21,0.8,0.146832,0.8,0.144744,3,3,,,,,,,16,1.70528,16.7,2.2613303,3,3,1.65,0.3387087,1.79,0.41233008,3,3,,,,,,,,,,,,,,,,,,,,,,,,,,,,,,
"Yanni et al., 2016","49бу42'N, 112бу50'W",5.9,380,cropland,NH4NO3,60,21,0.7,0.128478,0.9,0.162837,3,3,,,,,,,15.5,1.65199,17.3,2.3425757,3,3,1.64,0.33665592,1.78,0.41002656,3,3,,,,,,,,,,,,,,,,,,,,,,,,,,,,,,
"Yanni et al., 2016","49бу42'N, 112бу50'W",5.9,380,cropland,NH4NO3,60,21,0.8,0.146832,1.1,0.199023,3,3,,,,,,,15.6,1.662648,17.2,2.3290348,3,3,1.58,0.32433924,1.73,0.39850896,3,3,,,,,,,,,,,,,,,,,,,,,,,,,,,,,,
"Yanni et al., 2016","49бу42'N, 112бу50'W",5.9,380,cropland,NH4NO3,60,21,0.6,0.110124,0.7,0.126651,3,3,,,,,,,16.6,1.769228,16.9,2.2884121,3,3,1.75,0.3592365,1.79,0.41233008,3,3,,,,,,,,,,,,,,,,,,,,,,,,,,,,,,
"Yanni et al., 2016","49бу42'N, 112бу50'W",5.9,380,cropland,NH4NO3,60,21,0.7,0.128478,0.8,0.144744,3,3,,,,,,,15.7,1.673306,16.5,2.2342485,3,3,1.64,0.33665592,1.73,0.39850896,3,3,,,,,,,,,,,,,,,,,,,,,,,,,,,,,,
"Yanni et al., 2016","49бу42'N, 112бу50'W",5.9,380,cropland,NH4NO3,60,21,0.6,0.110124,0.6,0.108558,3,3,,,,,,,15.4,1.641332,16.2,2.1936258,3,3,1.58,0.32433924,1.68,0.38699136,3,3,,,,,,,,,,,,,,,,,,,,,,,,,,,,,,
"Yanni et al., 2016","49бу42'N, 112бу50'W",5.9,380,cropland,NH4NO3,60,21,0.7,0.128478,0.7,0.126651,3,3,,,,,,,11.2,1.193696,11.7,1.5842853,3,3,1.19,0.24428082,1.22,0.28102944,3,3,,,,,,,,,,,,,,,,,,,,,,,,,,,,,,
"Yanni et al., 2016","49бу42'N, 112бу50'W",5.9,380,cropland,NH4NO3,60,21,0.6,0.110124,0.7,0.126651,3,3,,,,,,,14.7,1.566726,15.2,2.0582168,3,3,1.48,0.30381144,1.53,0.35243856,3,3,,,,,,,,,,,,,,,,,,,,,,,,,,,,,,
"Yanni et al., 2016","49бу42'N, 112бу50'W",5.9,380,cropland,NH4NO3,60,21,0.5,0.09177,0.7,0.126651,3,3,,,,,,,13.1,1.396198,13.8,1.8686442,3,3,1.35,0.2771253,1.42,0.32709984,3,3,,,,,,,,,,,,,,,,,,,,,,,,,,,,,,
"Yanni et al., 2016","49бу42'N, 112бу50'W",5.9,380,cropland,NH4NO3,60,21,0.5,0.09177,0.6,0.108558,3,3,,,,,,,12.9,1.374882,13.7,1.8551033,3,3,1.37,0.28123086,1.44,0.33170688,3,3,,,,,,,,,,,,,,,,,,,,,,,,,,,,,,
"Yanni et al., 2016","49бу42'N, 112бу50'W",5.9,380,cropland,NH4NO3,60,21,0.5,0.09177,0.8,0.144744,3,3,,,,,,,13.7,1.460146,14.9,2.0175941,3,3,1.46,0.29970588,1.58,0.36395616,3,3,,,,,,,,,,,,,,,,,,,,,,,,,,,,,,
"Yanni et al., 2016","49бу42'N, 112бу50'W",5.9,380,cropland,NH4NO3,60,21,0.5,0.09177,0.7,0.126651,3,3,,,,,,,11.9,1.268302,13.9,1.8821851,3,3,1.4,0.2873892,1.47,0.33861744,3,3,,,,,,,,,,,,,,,,,,,,,,,,,,,,,,
"Yanni et al., 2016","49бу42'N, 112бу50'W",5.9,380,cropland,NH4NO3,60,21,0.5,0.09177,0.8,0.144744,3,3,,,,,,,13.8,1.470804,14.6,1.9769714,3,3,1.47,0.30175866,1.52,0.35013504,3,3,,,,,,,,,,,,,,,,,,,,,,,,,,,,,,
"Yanni et al., 2016","49бу42'N, 112бу50'W",5.9,380,cropland,NH4NO3,60,21,0.4,0.073416,0.5,0.090465,3,3,,,,,,,11.6,1.236328,12.4,1.6790716,3,3,1.25,0.2565975,1.33,0.30636816,3,3,,,,,,,,,,,,,,,,,,,,,,,,,,,,,,
"Yanni et al., 2016","49бу42'N, 112бу50'W",5.9,380,cropland,NH4NO3,60,21,0.5,0.09177,0.7,0.126651,3,3,,,,,,,11.8,1.257644,12.9,1.7467761,3,3,1.25,0.2565975,1.35,0.3109752,3,3,,,,,,,,,,,,,,,,,,,,,,,,,,,,,,
"Yanni et al., 2016","49бу42'N, 112бу50'W",5.9,380,cropland,NH4NO3,60,21,0.5,0.09177,0.7,0.126651,3,3,,,,,,,12,1.27896,13.2,1.7873988,3,3,1.23,0.25249194,1.33,0.30636816,3,3,,,,,,,,,,,,,,,,,,,,,,,,,,,,,,
"Yanni et al., 2016","49бу42'N, 112бу50'W",5.9,380,cropland,NH4NO3,60,21,0.8,0.146832,1,0.18093,3,3,,,,,,,8.6,0.916588,9.4,1.2728446,3,3,0.87,0.17859186,0.93,0.21422736,3,3,,,,,,,,,,,,,,,,,,,,,,,,,,,,,,
"Yanni et al., 2016","49бу42'N, 112бу50'W",5.9,380,cropland,NH4NO3,60,21,0.5,0.09177,0.7,0.126651,3,3,,,,,,,12.1,1.289618,13.3,1.8009397,3,3,1.32,0.27096696,1.42,0.32709984,3,3,,,,,,,,,,,,,,,,,,,,,,,,,,,,,,
"Yanni et al., 2016","49бу42'N, 112бу50'W",5.9,380,cropland,NH4NO3,60,21,0.5,0.09177,0.7,0.126651,3,3,,,,,,,9.3,0.991194,10,1.35409,3,3,1.07,0.21964746,1.14,0.26260128,3,3,,,,,,,,,,,,,,,,,,,,,,,,,,,,,,
"Yanni et al., 2016","49бу42'N, 112бу50'W",5.9,380,cropland,NH4NO3,60,21,0.5,0.09177,0.9,0.162837,3,3,,,,,,,10,1.0658,10.5,1.4217945,3,3,1.11,0.22785858,1.13,0.26029776,3,3,,,,,,,,,,,,,,,,,,,,,,,,,,,,,,
"Yanni et al., 2016","49бу42'N, 112бу50'W",5.9,380,cropland,NH4NO3,60,21,0.3,0.055062,0.4,0.072372,3,3,,,,,,,9.4,1.001852,10,1.35409,3,3,0.99,0.20322522,1.08,0.24878016,3,3,,,,,,,,,,,,,,,,,,,,,,,,,,,,,,
"Yanni et al., 2016","49бу42'N, 112бу50'W",5.9,380,cropland,NH4NO3,60,21,0.5,0.09177,0.7,0.126651,3,3,,,,,,,8.5,0.90593,8.4,1.1374356,3,3,0.88,0.18064464,0.88,0.20270976,3,3,,,,,,,,,,,,,,,,,,,,,,,,,,,,,,
"Ye et al., 2018","43бу38'N, 116бу42'E ",0.3,346.1,grassland,NH4NO3,17.5,15,1.168224299,1.682242991,2.803738318,0.934579439,4,4,15.98930481,0.855614973,15.18716578,1.390374332,4,4,16.2,1.9,17.2,0.78,4,4,1.75,0.18,0.83,0.06,4,4,0.63,0.62,0.55,0.64,4,4,25.74,3.46,28.77,3.12,4,4,58.25,12.8,63.55,7.34,4,4,580.9983897,92.75362319,476.6505636,164.8953301,4,4,6.84,0.12,6.79,0.08,4,4
"Ye et al., 2018","43бу38'N, 116бу42'E ",0.3,346.1,grassland,NH4NO3,105,15,1.168224299,1.682242991,2.990654206,0.607476636,4,4,15.98930481,0.855614973,14.06417112,1.176470588,4,4,16.2,1.9,18.68,0.94,4,4,1.75,0.18,1.93,0.1,4,4,0.63,0.62,2.17,1.14,4,4,25.74,3.46,88.74,9.6,4,4,58.25,12.8,61.32,15.02,4,4,580.9983897,92.75362319,255.0724638,180.3542673,4,4,6.84,0.12,5.89,0.42,4,4
"Ye et al., 2018","43бу38'N, 116бу42'E ",0.3,346.1,grassland,NH4NO3,280,15,1.168224299,1.682242991,5.794392523,3.364485981,4,4,15.98930481,0.855614973,13.5828877,1.497326203,4,4,16.2,1.9,19.28,2.12,4,4,1.75,0.18,2.05,0.18,4,4,0.63,0.62,48.13,31.06,4,4,25.74,3.46,163.1,24.46,4,4,58.25,12.8,63.32,5.78,4,4,580.9983897,92.75362319,82.44766506,20.61191626,4,4,6.84,0.12,4.72,0.12,4,4
"Yu et al., 2018(In Chinese)","27бу15'N, 110бу13'E",16.5,1300,forest,urea,200,5,2.58,0.57156,2.03,0.53692,3,3,,,,,,,16.29,2.5114,15.09,2.44212,3,3,1.29,0.13856,1.25,0.0866,3,3,5.92,0.53692,4.41,0.65816,3,3,1.86,0.15588,1.62,0.39836,3,3,192.14,23.13952,144.72,19.43304,3,3,255.8,20.28172,167.2,38.69288,3,3,4.44,0.051969,4.24,0.017323,3,3
"Yu et al., 2019","23бу10'N, 112бу10'E ",21.4,1700,forest,NH4NO3,50,14,5.8,0.866,5.7,0.6928,3,3,,,,,,,35.26563049,1.750749696,35.98456806,4.00171359,3,3,,,,,,,,,,,,,,,,,,,,,,,,,,,,,,,4.5,,,,,
"Yu et al., 2019","23бу10'N, 112бу10'E ",21.4,1700,forest,NH4NO3,100,14,5.8,0.866,7.5,0.5196,3,3,,,,,,,35.26563049,1.750749696,42.62405476,2.000523319,3,3,,,,,,,,,,,,,,,,,,,,,,,,,,,,,,,4.5,,,,,
"Yu et al., 2019","23бу10'N, 112бу10'E ",21.4,1700,forest,NH4NO3,150,14,5.8,0.866,4.8,0.866,3,3,,,,,,,35.26563049,1.750749696,33.09052664,1.750749696,3,3,,,,,,,,,,,,,,,,,,,,,,,,,,,,,,,4.5,,,,,
"Yu et al., 2019","23бу10'N, 112бу10'E ",21.4,1700,forest,NH4NO3,50,14,3.4,0.6928,2.3,0.6928,3,3,,,,,,,26.22962104,1.250868973,23.19310136,5.002141987,3,3,,,,,,,,,,,,,,,,,,,,,,,,,,,,,,,4.5,,,,,
"Yu et al., 2019","23бу10'N, 112бу10'E ",21.4,1700,forest,NH4NO3,100,14,3.4,0.6928,2.9,1.0392,3,3,,,,,,,26.22962104,1.250868973,23.04465442,3.75160649,3,3,,,,,,,,,,,,,,,,,,,,,,,,,,,,,,,4.5,,,,,
"Yuan et al., 2020","37бу36'N, 101бу19'E ",-1.7,580,grassland,urea,100,9,36.25,1.020833333,39.375,7.145833333,6,6,30.76388889,1.871527778,30.41666667,1.361111111,6,6,65.6097561,3.585365854,69.75609756,7.768292683,6,6,6.46,0.3185,6.74,0.6125,6,6,,,,,,,,,,,,,230,49,280,73.5,6,6,1370,98,1440,122.5,6,6,7.08,0.4165,6.85,0.5635,6,6
"Zak et al., 2017","42бу19'N, 83бу2'W",10.2,753,forest,NaCO3,30,17,9.679079128,0.979905062,13.46417416,1.140309591,3,3,3.754587511,0.869280751,3.206932037,0.434738956,3,3,15.71888461,1.043176333,19.18717956,2.434932474,3,3,,,,,,,,,,,,,,,,,,,,,,,,,,,,,,,,,,,,
"Zhang et al., 2017(In Chinese)","26бу42'N, 115бу4'E",17.9,1600,forest,NH4NO3,50,3,10.6,0.8,11.4,2.6,4,4,12.6,3.4,10.2,3,4,4,23.2,4,21.5,4,4,4,,,,,,,,,,,,,,,,,,,91.7,23.6,127.8,25.6,4,4,,,,,,,,,,,,
"Zhang et al., 2017(In Chinese)","26бу42'N, 115бу4'E",17.9,1600,forest,NH4NO3,100,3,10.6,0.8,10,2.8,4,4,12.6,3.4,11.3,1.8,4,4,23.2,4,21.2,3.6,4,4,,,,,,,,,,,,,,,,,,,91.7,23.6,91.9,12.8,4,4,,,,,,,,,,,,
"Zhang et al., 2019(In Chinese)",,6.7,390.9,cropland,urea,52.5,4,1.164826217,0.033081488,1.32568996,0.051530612,3,3,6.800059811,0.132011791,6.95958474,0.132011791,3,3,8.336633663,0.099009901,8.633663366,0.158415842,3,3,,,,,,,,,,,,,,,,,,,,,,,,,,,,,,,,,,,,
"Zhang et al., 2019(In Chinese)",,6.7,390.9,cropland,urea,105,4,1.164826217,0.033081488,1.989103104,0.037273056,3,3,6.800059811,0.132011791,7.343572436,0.052804717,3,3,8.336633663,0.099009901,9.465346535,0.059405941,3,3,,,,,,,,,,,,,,,,,,,,,,,,,,,,,,,,,,,,
"Zhang et al., 2019(In Chinese)",,6.7,390.9,cropland,urea,157.5,4,1.164826217,0.033081488,1.736907901,0.040719979,3,3,6.800059811,0.132011791,7.29192122,0.066005896,3,3,8.336633663,0.099009901,9.188118812,0.03960396,3,3,,,,,,,,,,,,,,,,,,,,,,,,,,,,,,,,,,,,
"Zhang et al., 2021(In Chinese)","37бу18'36''N, 106бу55'48''E",7.6,300,grassland,urea,100,<1,1.67,0.04,2.52,0.02,4,4,,,,,,,,,,,,,,,,,,,,,,,,,,,,,,,,,,,,,,,,,,,8.4,,,,,
"Zhong et al., 2015","34бу17'56''N, 108бу04'7''E ",13,632,cropland,urea,90,10,0.65,0.10392,1.350615963,0.115915866,3,3,7.69,0.6928,7.188505931,0.233240055,3,3,8.33,0.6928,8.511134563,0.137410494,3,3,0.8,0.03464,0.872,0.0249408,3,3,9.99,1.16044,10.8891,0.707836909,3,3,4.78,1.1258,5.618185162,0.791856383,3,3,52.56,4.46856,63.072,2.4275712,3,3,,,,,,,8.225581395,0.028195349,8.169767442,0.028195349,3,3
"Zhong et al., 2015","34бу17'56''N, 108бу04'7''E ",13,632,cropland,urea,180,10,0.65,0.10392,1.606350904,0.557096907,3,3,7.69,0.6928,6.895246455,0.23412187,3,3,8.33,0.6928,8.432736771,0.549533607,3,3,0.8,0.03464,0.8416,0.0332544,3,3,9.99,1.16044,12.41484545,0.896593418,3,3,4.78,1.1258,9.240551809,0.788472381,3,3,52.56,4.46856,54.312,7.2827136,3,3,,,,,,,8.225581395,0.028195349,8.127906977,0.036251163,3,3
"Zhong et al., 2015","34бу17'56''N, 108бу04'7''E ",13,632,cropland,urea,270,10,0.65,0.10392,2.331158011,1.114193814,3,3,7.69,0.6928,5.306503062,3.131765801,3,3,8.33,0.6928,7.580622226,2.164215276,3,3,0.8,0.03464,0.9536,0.083136,3,3,9.99,1.16044,12.3876,1.0381608,3,3,4.78,1.1258,8.765775598,1.576944762,3,3,52.56,4.46856,57.4656,3.3379104,3,3,,,,,,,8.225581395,0.028195349,8.097674419,0.032223256,3,3
"Zhong et al., 2015","34бу17'56''N, 108бу04'7''E ",13,632,cropland,urea,360,10,0.65,0.10392,1.91662128,1.160764546,3,3,7.69,0.6928,7.198433986,0.888428564,3,3,8.33,0.6928,9.068991475,0.274929355,3,3,0.8,0.03464,0.8816,0.0526528,3,3,9.99,1.16044,12.55107273,0.802215164,3,3,4.78,1.1258,9.656713673,1.576944762,3,3,52.56,4.46856,60.2688,0.6068928,3,3,,,,,,,8.225581395,0.028195349,8.197674419,0.016111628,3,3
"Zhou et al., 2019(In Chinese)","42бу24'N, 128бу24'E",3.6,695,forest,NH4NO3,50,6,171.2238806,17.80289692,175.4920314,14.01305161,3,3,449.8118169,47.69985165,460.1134168,29.31287691,3,3,621.0884354,70.11218734,626.5306122,30.70191324,3,3,47.83871882,4.799659865,48.36120559,2.544099884,3,3,1730.018056,91.17731266,1787.055286,69.07203399,3,3,123.1021165,17.4179645,110.7587748,20.61905124,3,3,4843.537415,463.8820944,4016.326531,808.3181912,3,3,11863.94558,655.164407,12340.13605,637.9880379,3,3,,,,,,
"Zhou et al., 2019(In Chinese)","42бу49'N, 128бу49'E",2.7,871.6,forest,NH4NO3,50,6,273.3174804,34.77788052,216.5641285,34.65533928,3,3,392.6193569,23.53548136,416.144147,35.09530568,3,3,651.7006803,79.37117301,750.3401361,104.1119199,3,3,44.54818594,4.645025277,49.05102041,6.32058222,3,3,721.6450932,200.2184294,894.3525418,185.3421064,3,3,1889.219138,380.7090062,1730.63938,258.857755,3,3,4593.197279,317.9740445,5126.530612,163.8038147,3,3,11959.18367,1380.090634,11387.7551,1705.955225,3,3,,,,,,
"Zhu et al., 2020","32бу59'N, 103бу40'E ",4.8,693.2,forest,NH4NO3,50,5,16.67,0.98724,17.07,1.78396,3,3,62.17,1.4722,75.06,6.47768,3,3,76.84210526,13.97754386,89.8245614,10.33122807,3,3,,,,,,,,,,,,,,,,,,,,,,,,,,,,,,,6.14,0.06928,6.05,0.0866,3,3
"Zhu et al., 2020","32бу59'N, 103бу40'E ",4.8,693.2,forest,NH4NO3,100,5,16.67,0.98724,14.34,0.20784,3,3,62.17,1.4722,89.66,3.82772,3,3,76.84210526,13.97754386,103.1578947,4.861754386,3,3,,,,,,,,,,,,,,,,,,,,,,,,,,,,,,,6.14,0.06928,5.95,0.06928,3,3
,,,,,,,,,,,,,,,,,,,,,,,,,,,,,,,,,,,,,,,,,,,,,,,,,,,,,,,,,,,,,
,,,,,,,,,,,,,,,,,,,,,,,,,,,,,,,,,,,,,,,,,,,,,,,,,,,,,,,,,,,,,
Abbreviations,explanation,,,,,,,,,,,,,,,,,,,,,,,,,,,,,,,,,,,,,,,,,,,,,,,,,,,,,,,,,,,,
MAT,mean annual temperature (бц),,,,,,,,,,,,,,,,,,,,,,,,,,,,,,,,,,,,,,,,,,,,,,,,,,,,,,,,,,,,
MAP,mean annual precipitation (mm),,,,,,,,,,,,,,,,,,,,,,,,,,,,,,,,,,,,,,,,,,,,,,,,,,,,,,,,,,,,
,,,,,,,,,,,,,,,,,,,,,,,,,,,,,,,,,,,,,,,,,,,,,,,,,,,,,,,,,,,,,
POC,particulate organic carbon (g kg-1 soil),,,,,,,,,,,,,,,,,,,,,,,,,,,,,,,,,,,,,,,,,,,,,,,,,,,,,,,,,,,,
MAOC,mineral-associated organic carbon (g kg-1 soil),,,,,,,,,,,,,,,,,,,,,,,,,,,,,,,,,,,,,,,,,,,,,,,,,,,,,,,,,,,,
,,,,,,,,,,,,,,,,,,,,,,,,,,,,,,,,,,,,,,,,,,,,,,,,,,,,,,,,,,,,,
C(POC),mean values of particulate organic carbon concentration for the control treatment ,,,,,,,,,,,,,,,,,,,,,,,,,,,,,,,,,,,,,,,,,,,,,,,,,,,,,,,,,,,,
Csd,the standard deviation of particulate organic carbon concentration for the control treatment,,,,,,,,,,,,,,,,,,,,,,,,,,,,,,,,,,,,,,,,,,,,,,,,,,,,,,,,,,,,
T(POC),mean values of particulate organic carbon concentration for the N addition treatment ,,,,,,,,,,,,,,,,,,,,,,,,,,,,,,,,,,,,,,,,,,,,,,,,,,,,,,,,,,,,
Tsd,the standard deviation of particulate organic carbon concentration for the N addition treatment ,,,,,,,,,,,,,,,,,,,,,,,,,,,,,,,,,,,,,,,,,,,,,,,,,,,,,,,,,,,,
Cn,the sample sizes  for the control treatment,,,,,,,,,,,,,,,,,,,,,,,,,,,,,,,,,,,,,,,,,,,,,,,,,,,,,,,,,,,,
Tn,the sample sizes the N addition treatment,,,,,,,,,,,,,,,,,,,,,,,,,,,,,,,,,,,,,,,,,,,,,,,,,,,,,,,,,,,,
,,,,,,,,,,,,,,,,,,,,,,,,,,,,,,,,,,,,,,,,,,,,,,,,,,,,,,,,,,,,,
SOC,soil organic carbon (g kg-1),,,,,,,,,,,,,,,,,,,,,,,,,,,,,,,,,,,,,,,,,,,,,,,,,,,,,,,,,,,,
TN,total nitrogen  (g kg-1),,,,,,,,,,,,,,,,,,,,,,,,,,,,,,,,,,,,,,,,,,,,,,,,,,,,,,,,,,,,
DOC,dissolve organic carbon (mg kg-1),,,,,,,,,,,,,,,,,,,,,,,,,,,,,,,,,,,,,,,,,,,,,,,,,,,,,,,,,,,,
MBC,microbial biomass carbon (mg kg-1),,,,,,,,,,,,,,,,,,,,,,,,,,,,,,,,,,,,,,,,,,,,,,,,,,,,,,,,,,,,
